date,temp_max,temp_min,precipitation,windspeed
2021-01-01,2.3,-4.0,4.8,20.6
2021-01-02,3.0,-1.5,9.8,21.1
2021-01-03,2.3,-2.0,1.5,13.9
2021-01-04,1.5,-0.3,0.0,12.4
2021-01-05,1.9,-0.4,1.1,10.3
2021-01-06,1.8,0.2,0.0,16.1
2021-01-07,0.6,-2.0,0.0,15.9
2021-01-08,-1.5,-6.6,0.0,12.4
2021-01-09,2.0,-4.2,0.0,15.6
2021-01-10,1.0,-2.2,0.0,10.9
2021-01-11,5.4,-3.0,0.8,15.6
2021-01-12,0.8,-1.6,0.4,14.6
2021-01-13,5.1,-0.8,0.0,17.7
2021-01-14,4.9,0.9,0.0,13.4
2021-01-15,7.3,-0.1,1.9,20.4
2021-01-16,4.0,-0.2,4.2,22.1
2021-01-17,4.2,-0.9,0.8,28.9
2021-01-18,0.9,-1.9,3.2,14.8
2021-01-19,2.2,-2.8,2.4,22.9
2021-01-20,-2.0,-7.4,2.2,24.9
2021-01-21,3.5,-5.9,0.2,28.0
2021-01-22,0.9,-4.7,5.7,24.8
2021-01-23,-4.8,-7.3,2.1,23.7
2021-01-24,-3.9,-10.1,0.0,23.8
2021-01-25,0.8,-13.6,0.0,11.5
2021-01-26,-0.3,-5.4,8.9,22.0
2021-01-27,-0.8,-5.4,0.5,20.2
2021-01-28,-5.3,-8.6,0.5,30.4
2021-01-29,-6.8,-12.1,1.2,27.9
2021-01-30,-4.2,-12.4,0.0,18.6
2021-01-31,-5.2,-12.5,0.0,16.6
2021-02-01,-3.2,-8.9,2.0,17.3
2021-02-02,0.4,-4.7,9.9,27.8
2021-02-03,0.1,-3.0,1.5,26.2
2021-02-04,4.3,-5.7,0.0,20.5
2021-02-05,3.8,-4.0,2.8,27.7
2021-02-06,-4.2,-9.4,2.7,25.3
2021-02-07,-4.2,-11.9,0.4,21.3
2021-02-08,-4.9,-15.1,0.1,20.6
2021-02-09,-3.0,-9.4,2.6,11.3
2021-02-10,-4.2,-10.9,0.1,16.5
2021-02-11,-4.0,-9.6,1.0,14.9
2021-02-12,-7.2,-12.2,1.3,13.0
2021-02-13,-8.1,-12.6,2.5,15.8
2021-02-14,-3.2,-9.2,1.0,14.2
2021-02-15,-2.2,-10.7,2.8,13.3
2021-02-16,-1.6,-7.8,16.3,22.6
2021-02-17,-4.1,-10.9,0.1,21.2
2021-02-18,-3.3,-10.6,1.0,13.6
2021-02-19,0.2,-6.5,2.0,13.5
2021-02-20,-2.9,-5.8,3.7,17.2
2021-02-21,-0.3,-8.9,0.0,15.8
2021-02-22,3.3,-3.0,2.4,27.0
2021-02-23,4.9,-0.2,1.3,31.4
2021-02-24,12.1,-0.8,1.4,34.3
2021-02-25,1.7,-5.0,0.0,32.3
2021-02-26,4.2,-5.1,0.0,17.1
2021-02-27,10.2,-2.8,2.4,32.2
2021-02-28,8.4,-2.6,1.5,25.9
2021-03-01,7.6,-7.7,1.5,34.9
2021-03-02,-0.6,-9.9,0.1,33.7
2021-03-03,7.2,-3.2,0.0,21.7
2021-03-04,1.0,-6.1,0.0,24.6
2021-03-05,0.6,-8.3,0.7,30.6
2021-03-06,-2.2,-7.1,0.2,25.5
2021-03-07,-2.7,-6.3,0.0,14.0
2021-03-08,11.1,-6.7,0.0,13.5
2021-03-09,7.8,0.1,0.0,19.2
2021-03-10,18.6,-0.6,0.0,22.8
2021-03-11,21.2,10.4,0.8,33.4
2021-03-12,11.4,-1.3,0.4,32.1
2021-03-13,4.3,-5.4,0.0,27.8
2021-03-14,2.7,-4.4,0.6,31.3
2021-03-15,-4.0,-8.1,0.0,26.0
2021-03-16,6.5,-5.8,0.1,16.6
2021-03-17,9.6,-0.9,0.0,13.7
2021-03-18,4.2,0.6,1.9,28.3
2021-03-19,1.0,-5.2,0.0,27.9
2021-03-20,11.9,-3.0,0.0,14.2
2021-03-21,13.5,-0.3,0.0,15.8
2021-03-22,17.9,3.5,0.0,20.2
2021-03-23,17.5,5.6,0.0,20.9
2021-03-24,20.9,9.8,8.6,24.1
2021-03-25,21.0,10.9,0.0,24.4
2021-03-26,16.2,4.8,7.6,43.5
2021-03-27,11.1,2.8,0.0,14.6
2021-03-28,16.0,3.4,9.3,33.1
2021-03-29,6.0,0.3,0.2,34.6
2021-03-30,20.5,0.2,0.0,30.0
2021-03-31,15.2,4.2,5.8,31.0
2021-04-01,3.9,-1.5,3.0,24.7
2021-04-02,2.5,-4.2,0.0,24.6
2021-04-03,9.6,-3.9,0.8,14.0
2021-04-04,11.1,1.2,0.0,16.9
2021-04-05,13.2,1.6,0.0,15.7
2021-04-06,12.8,1.0,0.0,15.0
2021-04-07,14.4,5.8,0.6,15.6
2021-04-08,25.0,5.8,0.0,20.2
2021-04-09,22.0,13.2,4.8,22.5
2021-04-10,24.9,11.6,0.0,21.8
2021-04-11,16.1,12.6,18.3,17.9
2021-04-12,13.2,7.6,7.1,17.6
2021-04-13,13.8,6.8,0.5,12.3
2021-04-14,14.6,4.9,0.0,13.7
2021-04-15,7.8,3.2,6.4,16.3
2021-04-16,6.2,2.5,9.8,21.3
2021-04-17,9.6,3.7,0.3,14.2
2021-04-18,13.6,4.3,0.7,15.1
2021-04-19,15.8,4.1,0.5,20.3
2021-04-20,10.0,1.9,2.3,22.9
2021-04-21,2.4,-0.6,8.4,22.3
2021-04-22,6.1,-2.2,1.7,30.6
2021-04-23,15.1,0.1,0.0,26.6
2021-04-24,17.0,7.2,0.0,22.4
2021-04-25,13.9,2.2,1.7,30.3
2021-04-26,8.6,0.5,0.0,18.5
2021-04-27,18.5,2.0,2.4,17.6
2021-04-28,20.0,6.7,1.7,12.8
2021-04-29,10.0,6.8,13.3,12.3
2021-04-30,10.4,3.4,2.3,40.6
2021-05-01,10.9,1.8,1.5,26.8
2021-05-02,15.2,8.3,3.2,26.6
2021-05-03,19.4,7.1,2.7,16.5
2021-05-04,17.6,7.4,4.6,10.8
2021-05-05,13.7,7.6,1.6,24.0
2021-05-06,10.9,4.2,0.0,19.1
2021-05-07,6.7,3.3,6.9,9.4
2021-05-08,11.4,2.0,0.3,19.5
2021-05-09,10.6,3.7,7.0,17.4
2021-05-10,13.5,3.8,0.1,20.8
2021-05-11,11.1,2.3,1.6,24.8
2021-05-12,15.6,3.5,0.1,20.9
2021-05-13,17.2,5.4,0.0,15.0
2021-05-14,18.6,5.9,0.0,13.0
2021-05-15,20.1,7.2,0.0,14.1
2021-05-16,20.5,6.2,0.0,13.5
2021-05-17,20.3,8.9,0.0,16.5
2021-05-18,23.3,10.6,0.0,13.8
2021-05-19,24.2,12.1,0.0,12.0
2021-05-20,27.1,15.2,0.0,14.8
2021-05-21,28.7,18.0,0.0,18.8
2021-05-22,27.8,19.8,0.1,20.2
2021-05-23,25.8,14.4,1.0,22.7
2021-05-24,18.6,10.4,0.0,15.3
2021-05-25,31.2,14.6,0.7,24.3
2021-05-26,29.2,18.5,0.5,32.2
2021-05-27,17.2,11.1,0.0,18.0
2021-05-28,11.4,5.9,17.4,26.6
2021-05-29,14.6,7.5,1.1,20.0
2021-05-30,15.6,6.4,0.0,13.5
2021-05-31,21.4,7.4,0.0,16.0
2021-06-01,23.5,13.6,0.0,14.5
2021-06-02,23.9,11.4,0.0,16.5
2021-06-03,22.0,15.6,14.5,13.2
2021-06-04,26.2,15.6,0.0,17.4
2021-06-05,30.5,19.2,0.0,31.3
2021-06-06,31.9,20.5,0.0,20.4
2021-06-07,31.5,20.8,2.1,20.0
2021-06-08,24.5,21.2,9.6,12.8
2021-06-09,25.2,19.2,0.7,14.6
2021-06-10,22.6,15.8,0.0,16.3
2021-06-11,23.7,13.6,0.2,18.6
2021-06-12,22.9,15.4,0.0,13.8
2021-06-13,25.3,14.4,3.5,16.1
2021-06-14,22.5,15.6,11.1,18.8
2021-06-15,22.2,14.5,1.3,20.9
2021-06-16,20.2,12.6,0.0,20.8
2021-06-17,23.6,9.9,0.0,15.1
2021-06-18,26.0,15.9,4.2,23.2
2021-06-19,30.4,19.0,1.3,23.7
2021-06-20,25.3,16.1,0.0,18.6
2021-06-21,30.9,18.2,5.9,29.8
2021-06-22,16.7,12.5,0.0,22.2
2021-06-23,20.7,9.1,0.0,15.9
2021-06-24,28.9,13.2,0.0,22.0
2021-06-25,31.3,19.2,0.0,22.0
2021-06-26,31.9,20.2,1.3,24.4
2021-06-27,34.1,24.5,0.2,25.5
2021-06-28,33.3,25.0,1.0,21.0
2021-06-29,32.4,22.2,1.5,14.6
2021-06-30,28.8,21.8,4.0,24.4
2021-07-01,23.8,17.9,0.3,11.4
2021-07-02,19.9,15.9,14.8,14.2
2021-07-03,21.8,15.0,1.9,12.7
2021-07-04,22.7,14.3,0.2,14.8
2021-07-05,32.0,14.6,0.1,21.7
2021-07-06,31.0,22.0,2.7,24.5
2021-07-07,22.0,17.0,2.8,20.1
2021-07-08,24.9,15.9,11.3,16.3
2021-07-09,21.8,17.7,5.1,12.9
2021-07-10,22.5,17.0,0.1,13.0
2021-07-11,23.0,16.8,18.1,16.3
2021-07-12,22.9,16.9,11.6,15.6
2021-07-13,28.1,20.4,22.0,15.0
2021-07-14,26.4,20.2,5.3,16.5
2021-07-15,31.1,18.1,0.4,21.3
2021-07-16,25.5,19.1,1.0,22.0
2021-07-17,18.6,16.4,56.7,24.7
2021-07-18,24.7,17.4,1.6,22.8
2021-07-19,27.5,18.3,0.6,14.0
2021-07-20,28.5,19.4,2.4,17.9
2021-07-21,23.3,17.4,0.2,15.2
2021-07-22,24.1,17.3,0.0,15.3
2021-07-23,23.7,15.9,0.0,11.4
2021-07-24,27.9,15.0,1.4,22.9
2021-07-25,28.0,19.4,9.3,23.9
2021-07-26,28.8,17.5,0.0,14.5
2021-07-27,28.2,17.6,11.6,17.2
2021-07-28,22.4,16.1,0.6,10.6
2021-07-29,24.5,15.2,4.3,25.3
2021-07-30,20.0,15.4,3.3,21.1
2021-07-31,21.5,12.9,1.1,16.3
2021-08-01,21.0,14.7,22.6,14.7
2021-08-02,22.9,14.8,2.7,14.2
2021-08-03,24.6,13.4,0.1,13.8
2021-08-04,25.5,14.4,0.0,14.1
2021-08-05,26.3,14.8,0.0,10.8
2021-08-06,29.0,17.0,0.0,12.8
2021-08-07,29.3,19.5,4.4,14.4
2021-08-08,28.2,19.4,3.5,12.0
2021-08-09,32.3,21.7,0.0,13.6
2021-08-10,30.2,22.6,11.5,17.9
2021-08-11,32.0,22.5,1.6,21.2
2021-08-12,30.1,23.5,3.3,25.0
2021-08-13,31.0,21.9,0.4,20.4
2021-08-14,24.6,17.9,1.0,20.0
2021-08-15,22.6,15.9,0.0,14.5
2021-08-16,26.5,13.9,0.0,15.0
2021-08-17,26.9,19.9,12.8,11.9
2021-08-18,23.9,21.0,21.0,16.8
2021-08-19,26.6,21.4,10.1,20.3
2021-08-20,27.6,19.9,0.3,11.9
2021-08-21,26.0,21.0,3.1,9.8
2021-08-22,27.2,20.6,1.0,13.0
2021-08-23,28.2,22.8,2.8,13.1
2021-08-24,28.8,19.9,0.0,13.2
2021-08-25,31.9,21.0,0.0,13.4
2021-08-26,29.8,23.1,3.5,12.0
2021-08-27,24.3,21.0,0.6,18.7
2021-08-28,29.3,19.1,0.8,13.3
2021-08-29,29.3,22.9,5.1,17.4
2021-08-30,27.4,22.3,3.2,19.1
2021-08-31,24.9,18.0,0.0,15.8
2021-09-01,20.6,16.6,0.0,20.9
2021-09-02,20.2,15.9,0.0,23.2
2021-09-03,21.3,15.7,0.5,15.3
2021-09-04,24.0,14.9,0.4,13.2
2021-09-05,24.4,16.9,8.4,21.6
2021-09-06,22.3,16.7,0.2,25.8
2021-09-07,26.5,13.1,0.1,14.8
2021-09-08,25.6,17.5,6.9,19.3
2021-09-09,22.8,14.4,2.4,17.3
2021-09-10,20.9,14.1,0.5,16.0
2021-09-11,25.8,14.1,0.0,21.7
2021-09-12,24.3,19.8,27.1,26.1
2021-09-13,23.0,15.4,14.7,13.0
2021-09-14,28.8,14.9,1.4,23.2
2021-09-15,24.5,15.8,3.9,25.5
2021-09-16,23.1,12.6,0.0,16.7
2021-09-17,27.6,16.0,0.3,13.6
2021-09-18,22.5,17.1,0.3,15.1
2021-09-19,20.1,13.2,0.0,16.9
2021-09-20,27.8,12.4,0.0,19.8
2021-09-21,26.0,18.1,0.8,22.7
2021-09-22,24.8,18.5,15.0,22.6
2021-09-23,22.5,13.9,28.9,20.6
2021-09-24,19.4,13.0,0.0,28.3
2021-09-25,22.2,11.3,2.3,19.9
2021-09-26,20.2,10.7,0.2,23.4
2021-09-27,22.9,14.1,5.5,26.3
2021-09-28,18.2,11.4,1.2,18.7
2021-09-29,18.6,11.7,0.4,19.7
2021-09-30,15.1,11.1,0.8,14.8
2021-10-01,18.5,10.6,0.0,14.6
2021-10-02,24.6,13.3,0.0,17.9
2021-10-03,21.0,14.4,31.8,14.0
2021-10-04,18.8,16.3,29.2,16.0
2021-10-05,17.4,14.0,6.0,13.0
2021-10-06,20.0,13.1,0.0,12.0
2021-10-07,22.2,14.8,0.0,9.5
2021-10-08,21.8,16.0,0.0,12.9
2021-10-09,21.4,16.0,2.8,21.6
2021-10-10,24.3,15.8,0.8,19.1
2021-10-11,25.5,15.7,0.0,15.4
2021-10-12,26.3,15.8,0.0,16.9
2021-10-13,22.7,16.9,1.2,16.5
2021-10-14,23.2,13.2,0.0,11.3
2021-10-15,22.5,17.9,8.0,18.5
2021-10-16,18.7,11.6,23.0,24.4
2021-10-17,13.4,9.7,1.7,26.2
2021-10-18,11.0,8.6,1.2,25.7
2021-10-19,18.7,7.2,0.0,24.7
2021-10-20,20.8,13.5,0.1,21.7
2021-10-21,20.5,12.1,9.1,23.8
2021-10-22,14.2,5.2,1.3,22.7
2021-10-23,8.9,4.8,0.3,9.0
2021-10-24,13.9,4.2,0.6,12.6
2021-10-25,12.8,9.3,17.5,19.6
2021-10-26,11.9,8.9,60.7,22.4
2021-10-27,11.9,9.4,0.8,21.4
2021-10-28,12.0,7.6,0.0,17.7
2021-10-29,12.9,8.2,24.3,22.0
2021-10-30,13.4,7.1,23.9,21.3
2021-10-31,13.1,8.3,0.1,23.0
2021-11-01,11.1,5.2,0.0,25.0
2021-11-02,9.2,2.8,0.0,23.0
2021-11-03,7.2,0.9,0.3,17.7
2021-11-04,7.6,-0.6,0.3,11.2
2021-11-05,8.2,-0.3,0.0,11.4
2021-11-06,10.6,0.1,0.0,15.1
2021-11-07,14.9,2.6,0.0,16.6
2021-11-08,18.5,5.7,0.0,18.2
2021-11-09,14.4,9.5,0.9,15.1
2021-11-10,12.1,4.2,2.1,16.3
2021-11-11,14.0,3.5,0.0,28.2
2021-11-12,15.3,7.4,9.9,29.5
2021-11-13,7.6,3.3,1.6,22.2
2021-11-14,6.2,1.7,5.7,19.4
2021-11-15,4.7,1.1,8.7,20.6
2021-11-16,7.1,-0.1,0.5,19.5
2021-11-17,15.6,-0.6,0.9,27.6
2021-11-18,15.7,4.2,5.5,22.7
2021-11-19,5.2,0.6,0.8,25.5
2021-11-20,7.2,-1.5,0.0,16.6
2021-11-21,10.3,2.5,4.2,22.5
2021-11-22,7.2,-0.9,1.9,25.6
2021-11-23,1.9,-1.5,3.6,17.6
2021-11-24,8.3,-3.2,0.0,18.6
2021-11-25,9.8,4.1,0.9,18.6
2021-11-26,7.1,-0.2,7.2,30.8
2021-11-27,0.5,-2.3,0.3,24.8
2021-11-28,2.8,-1.9,2.8,13.9
2021-11-29,1.4,-3.3,2.4,16.9
2021-11-30,3.2,-0.9,1.1,19.2
2021-12-01,5.8,0.6,0.0,24.1
2021-12-02,12.0,3.2,1.9,32.2
2021-12-03,3.2,0.3,0.3,26.7
2021-12-04,6.9,-1.6,0.4,28.5
2021-12-05,7.7,-1.0,0.5,22.7
2021-12-06,10.8,0.9,12.0,38.2
2021-12-07,0.6,-2.2,0.5,29.3
2021-12-08,0.6,-3.7,2.7,18.2
2021-12-09,0.2,-4.3,0.5,18.7
2021-12-10,9.0,0.4,0.1,17.8
2021-12-11,17.8,3.2,11.7,47.8
2021-12-12,6.8,0.3,0.0,30.1
2021-12-13,9.1,5.2,0.0,26.6
2021-12-14,5.8,1.0,0.0,18.8
2021-12-15,9.9,0.8,11.6,27.2
2021-12-16,17.6,11.3,1.9,38.4
2021-12-17,10.3,1.4,0.0,35.4
2021-12-18,1.8,-0.6,9.0,24.1
2021-12-19,-0.8,-5.4,0.9,18.7
2021-12-20,3.4,-6.6,0.0,18.7
2021-12-21,4.3,-0.3,0.0,18.8
2021-12-22,2.6,-2.7,1.6,32.2
2021-12-23,-2.0,-4.4,3.7,18.6
2021-12-24,5.7,-2.2,1.6,13.4
2021-12-25,8.6,2.7,14.2,14.5
2021-12-26,4.0,-0.8,0.5,19.5
2021-12-27,0.8,-4.0,5.0,20.8
2021-12-28,4.3,-0.2,2.2,24.2
2021-12-29,5.6,0.4,1.0,11.4
2021-12-30,4.6,1.5,0.1,9.3
2021-12-31,9.2,1.2,1.1,14.3
2022-01-01,9.6,1.1,6.8,19.5
2022-01-02,0.8,-5.6,10.9,19.0
2022-01-03,-6.3,-11.9,0.3,14.0
2022-01-04,2.2,-11.4,0.0,17.0
2022-01-05,5.3,-1.5,3.7,25.1
2022-01-06,-1.0,-5.8,0.4,23.2
2022-01-07,-3.7,-7.4,2.0,26.4
2022-01-08,-0.9,-12.6,0.0,20.4
2022-01-09,5.9,-3.5,1.5,27.2
2022-01-10,-4.2,-9.4,1.3,29.0
2022-01-11,-7.6,-15.4,1.0,27.2
2022-01-12,3.2,-6.6,0.1,23.7
2022-01-13,3.8,-0.2,1.0,7.6
2022-01-14,1.0,-12.4,1.0,23.3
2022-01-15,-12.6,-15.1,2.4,21.9
2022-01-16,0.7,-17.8,1.7,18.8
2022-01-17,-0.5,-4.9,38.4,30.5
2022-01-18,-3.7,-9.8,0.1,27.4
2022-01-19,5.7,-6.5,1.2,29.0
2022-01-20,-1.4,-11.8,1.5,22.0
2022-01-21,-9.8,-13.0,1.6,15.8
2022-01-22,-3.8,-20.5,0.2,19.5
2022-01-23,-4.2,-11.4,2.6,18.8
2022-01-24,-6.6,-17.0,2.5,16.0
2022-01-25,-4.2,-9.9,1.7,17.5
2022-01-26,-8.1,-14.8,0.5,14.8
2022-01-27,-2.1,-15.4,0.1,19.5
2022-01-28,-2.7,-11.4,1.7,18.2
2022-01-29,-11.4,-14.4,1.1,21.1
2022-01-30,-5.2,-15.2,0.0,16.6
2022-01-31,-0.6,-15.1,0.0,15.1
2022-02-01,3.2,-9.8,0.0,29.5
2022-02-02,6.1,0.6,3.7,31.0
2022-02-03,3.8,-5.8,20.5,22.6
2022-02-04,-6.2,-9.1,12.0,24.9
2022-02-05,-8.4,-15.1,0.2,17.9
2022-02-06,1.3,-16.3,0.0,19.4
2022-02-07,4.9,-4.8,0.0,19.7
2022-02-08,0.3,-6.1,0.6,20.7
2022-02-09,8.0,-6.6,0.0,20.5
2022-02-10,3.5,-0.8,0.0,31.1
2022-02-11,9.6,-4.3,1.0,31.5
2022-02-12,3.6,-7.8,1.9,27.9
2022-02-13,-8.1,-12.8,3.6,12.9
2022-02-14,-10.2,-13.9,1.3,16.9
2022-02-15,-3.2,-14.1,0.0,19.1
2022-02-16,8.9,-9.2,0.0,33.5
2022-02-17,12.1,2.0,20.1,32.2
2022-02-18,1.4,-9.2,15.9,28.6
2022-02-19,-1.5,-9.1,2.5,38.9
2022-02-20,6.8,-12.1,0.0,32.2
2022-02-21,8.9,0.6,0.0,21.9
2022-02-22,11.4,-0.7,14.8,26.0
2022-02-23,12.6,-7.2,0.3,37.6
2022-02-24,-5.0,-8.4,0.0,16.3
2022-02-25,-3.2,-6.5,11.9,24.5
2022-02-26,-2.2,-7.5,0.1,25.1
2022-02-27,1.2,-4.6,1.4,32.1
2022-02-28,-5.7,-11.3,0.0,18.8
2022-03-01,8.3,-8.5,2.6,21.7
2022-03-02,3.7,-2.7,0.7,15.7
2022-03-03,-0.4,-7.6,0.7,28.1
2022-03-04,0.8,-8.9,0.0,17.4
2022-03-05,7.6,-4.9,0.0,29.8
2022-03-06,21.5,4.1,2.4,48.8
2022-03-07,5.6,0.2,16.2,29.7
2022-03-08,3.0,-3.2,4.8,23.7
2022-03-09,4.7,-3.3,1.2,18.9
2022-03-10,5.1,-2.7,0.0,18.1
2022-03-11,8.2,-3.2,3.6,13.4
2022-03-12,0.4,-7.8,7.6,33.2
2022-03-13,-1.0,-7.8,1.4,29.1
2022-03-14,10.3,-3.5,0.0,15.0
2022-03-15,4.1,0.3,3.8,15.5
2022-03-16,9.2,0.1,0.0,13.3
2022-03-17,18.1,4.9,0.0,21.7
2022-03-18,13.3,5.3,0.0,15.5
2022-03-19,18.5,5.1,15.7,30.8
2022-03-20,8.1,3.9,1.4,31.4
2022-03-21,11.0,1.1,0.0,21.7
2022-03-22,4.6,-0.8,0.0,12.8
2022-03-23,7.3,0.9,12.1,25.5
2022-03-24,13.9,6.1,8.4,26.9
2022-03-25,8.1,2.5,0.7,28.2
2022-03-26,8.4,1.5,3.6,23.9
2022-03-27,1.1,-6.3,4.1,30.6
2022-03-28,-5.7,-8.5,1.6,30.9
2022-03-29,-0.9,-6.2,1.4,18.8
2022-03-30,7.4,-11.2,0.9,25.6
2022-03-31,19.3,5.7,8.5,32.6
2022-04-01,5.2,0.2,4.3,28.4
2022-04-02,4.9,-3.3,0.0,21.4
2022-04-03,3.8,-0.3,4.2,18.9
2022-04-04,6.8,-2.0,0.1,15.6
2022-04-05,13.9,1.5,0.0,17.4
2022-04-06,16.4,5.9,3.2,22.7
2022-04-07,11.4,6.0,15.0,24.7
2022-04-08,11.1,3.7,1.1,17.4
2022-04-09,9.6,0.9,6.4,16.9
2022-04-10,5.7,0.3,0.3,28.7
2022-04-11,20.8,-2.2,1.7,20.3
2022-04-12,14.4,7.2,2.8,18.8
2022-04-13,25.0,6.5,10.6,21.4
2022-04-14,21.3,7.8,0.6,32.0
2022-04-15,15.6,4.9,1.4,37.6
2022-04-16,9.2,0.8,6.3,20.2
2022-04-17,6.7,-1.2,0.8,19.6
2022-04-18,10.9,-3.0,7.0,24.2
2022-04-19,6.4,1.0,9.0,35.3
2022-04-20,8.0,1.4,0.0,26.1
2022-04-21,14.5,3.1,1.3,33.1
2022-04-22,11.3,4.0,0.0,18.8
2022-04-23,12.5,3.7,0.0,18.7
2022-04-24,21.4,7.8,0.0,12.8
2022-04-25,25.5,12.9,13.1,23.0
2022-04-26,12.8,5.8,9.4,19.4
2022-04-27,5.2,1.1,1.8,26.4
2022-04-28,8.1,0.3,0.0,20.7
2022-04-29,11.7,0.6,0.0,15.6
2022-04-30,11.4,0.9,0.0,10.5
2022-05-01,19.3,2.7,1.3,20.8
2022-05-02,16.3,9.8,9.9,22.6
2022-05-03,16.4,7.2,5.9,18.1
2022-05-04,14.2,8.2,12.2,19.7
2022-05-05,13.1,4.7,0.0,12.1
2022-05-06,12.0,6.6,0.0,19.3
2022-05-07,11.1,5.7,0.0,23.5
2022-05-08,12.8,2.4,0.0,17.7
2022-05-09,16.4,3.4,0.0,16.0
2022-05-10,21.9,8.9,0.0,16.3
2022-05-11,24.8,10.1,0.0,15.1
2022-05-12,23.1,10.9,0.0,14.5
2022-05-13,25.2,15.6,0.0,17.7
2022-05-14,23.9,16.6,2.8,17.0
2022-05-15,22.6,15.6,1.6,14.4
2022-05-16,18.5,10.9,9.1,27.2
2022-05-17,15.4,10.2,0.1,29.3
2022-05-18,14.1,6.5,0.4,14.4
2022-05-19,17.4,9.1,10.2,16.5
2022-05-20,28.9,11.1,3.8,23.7
2022-05-21,31.4,18.1,21.1,26.3
2022-05-22,24.6,11.2,10.0,25.4
2022-05-23,14.4,8.2,0.0,13.0
2022-05-24,15.9,7.0,0.0,17.5
2022-05-25,20.0,9.9,0.0,17.4
2022-05-26,28.3,16.9,3.6,23.6
2022-05-27,20.9,16.2,11.1,23.9
2022-05-28,20.2,14.0,7.1,13.9
2022-05-29,21.6,11.4,0.0,12.7
2022-05-30,27.4,14.4,0.0,15.3
2022-05-31,29.8,19.9,0.1,16.6
2022-06-01,26.6,17.2,9.3,16.6
2022-06-02,21.0,12.0,0.0,15.1
2022-06-03,21.9,10.4,0.0,15.0
2022-06-04,18.8,10.4,0.0,19.7
2022-06-05,22.2,8.9,0.0,14.8
2022-06-06,28.1,14.1,0.2,15.0
2022-06-07,23.0,15.1,14.0,27.4
2022-06-08,20.7,11.6,0.0,16.2
2022-06-09,19.3,12.5,18.8,22.2
2022-06-10,21.4,12.3,0.0,19.7
2022-06-11,23.8,11.7,0.5,15.9
2022-06-12,24.9,16.0,10.1,18.4
2022-06-13,21.0,14.1,0.0,10.8
2022-06-14,22.5,12.4,0.0,10.7
2022-06-15,31.5,13.9,0.1,17.7
2022-06-16,32.9,20.5,28.4,28.9
2022-06-17,25.8,16.5,0.4,31.9
2022-06-18,18.2,12.2,0.5,27.5
2022-06-19,19.8,11.9,0.0,21.2
2022-06-20,22.4,10.6,0.0,14.3
2022-06-21,31.0,15.6,0.6,13.7
2022-06-22,30.7,22.4,0.8,15.6
2022-06-23,24.7,16.6,0.0,15.5
2022-06-24,26.3,15.0,0.0,14.8
2022-06-25,29.5,15.1,0.0,15.6
2022-06-26,33.8,21.5,2.1,19.5
2022-06-27,23.1,16.5,0.2,23.0
2022-06-28,21.3,13.0,0.0,14.3
2022-06-29,24.5,13.4,2.6,16.3
2022-06-30,29.6,13.6,0.0,12.8
2022-07-01,31.8,20.4,0.6,28.0
2022-07-02,28.5,18.2,7.6,21.8
2022-07-03,24.6,15.1,0.0,15.9
2022-07-04,26.1,13.1,0.0,15.9
2022-07-05,27.5,20.2,3.5,15.5
2022-07-06,23.2,17.0,0.8,16.1
2022-07-07,24.1,14.2,0.0,17.1
2022-07-08,26.2,16.6,0.0,16.6
2022-07-09,22.6,15.9,0.0,18.1
2022-07-10,27.0,12.5,0.0,16.3
2022-07-11,31.9,16.9,0.0,20.6
2022-07-12,28.8,20.0,3.4,29.4
2022-07-13,24.4,16.4,7.7,13.7
2022-07-14,23.9,16.8,0.6,14.0
2022-07-15,25.0,14.2,0.0,18.0
2022-07-16,27.1,16.9,0.0,17.4
2022-07-17,28.9,16.0,0.4,18.9
2022-07-18,25.5,20.3,41.7,21.6
2022-07-19,30.6,18.6,0.2,22.4
2022-07-20,34.1,21.9,0.1,23.8
2022-07-21,28.5,22.0,8.6,28.6
2022-07-22,29.5,20.4,0.6,16.9
2022-07-23,32.8,20.8,0.4,22.2
2022-07-24,31.2,21.0,1.3,24.8
2022-07-25,25.0,17.6,2.0,25.7
2022-07-26,24.2,14.6,0.2,13.0
2022-07-27,27.8,15.8,3.3,15.5
2022-07-28,28.8,20.4,3.7,23.8
2022-07-29,26.8,18.1,0.0,21.4
2022-07-30,25.9,17.0,0.2,19.6
2022-07-31,29.0,16.5,0.0,12.1
2022-08-01,30.3,17.9,1.8,16.5
2022-08-02,24.9,19.0,0.3,19.6
2022-08-03,34.0,15.7,0.0,16.7
2022-08-04,28.8,22.7,8.9,15.1
2022-08-05,26.6,20.2,32.1,13.6
2022-08-06,30.5,20.8,0.6,12.2
2022-08-07,31.9,22.1,0.8,14.7
2022-08-08,30.1,23.7,3.5,23.8
2022-08-09,26.1,19.5,2.6,20.6
2022-08-10,23.5,18.0,0.4,11.8
2022-08-11,24.7,18.0,0.2,21.0
2022-08-12,23.5,17.6,0.0,15.3
2022-08-13,25.1,13.8,0.0,18.2
2022-08-14,25.5,13.4,0.0,20.2
2022-08-15,25.8,16.9,0.0,13.3
2022-08-16,24.8,18.3,4.7,10.1
2022-08-17,22.8,17.1,2.9,16.1
2022-08-18,27.2,16.1,0.0,16.1
2022-08-19,27.1,17.5,0.9,12.7
2022-08-20,30.4,17.4,0.0,12.9
2022-08-21,27.8,18.9,12.3,14.5
2022-08-22,23.2,18.4,14.8,9.9
2022-08-23,25.4,17.7,2.9,18.4
2022-08-24,27.2,17.2,0.0,13.6
2022-08-25,24.3,17.9,3.8,13.0
2022-08-26,25.1,18.0,2.7,15.6
2022-08-27,21.5,16.2,0.4,14.4
2022-08-28,29.9,14.6,0.0,15.0
2022-08-29,33.0,20.9,0.8,23.7
2022-08-30,25.1,18.8,8.9,21.7
2022-08-31,24.5,16.1,0.4,25.0
2022-09-01,20.2,14.4,0.0,17.1
2022-09-02,28.4,13.4,0.0,14.1
2022-09-03,30.2,18.7,0.0,18.4
2022-09-04,21.5,18.1,5.7,18.9
2022-09-05,19.4,17.4,25.8,18.6
2022-09-06,19.1,18.0,2.7,18.0
2022-09-07,21.8,17.0,0.7,13.3
2022-09-08,23.0,16.5,0.3,9.8
2022-09-09,26.3,15.8,0.0,13.0
2022-09-10,27.7,17.1,0.0,17.2
2022-09-11,20.9,17.9,4.8,15.3
2022-09-12,24.4,17.8,20.8,11.5
2022-09-13,22.4,14.5,12.1,16.4
2022-09-14,22.9,14.4,0.7,22.9
2022-09-15,15.7,11.1,0.0,15.9
2022-09-16,19.2,9.0,0.0,14.8
2022-09-17,25.6,12.9,0.0,12.2
2022-09-18,26.5,18.4,3.3,20.5
2022-09-19,23.4,16.6,44.7,23.4
2022-09-20,22.0,15.1,0.8,20.3
2022-09-21,27.9,15.1,0.5,19.9
2022-09-22,20.1,11.2,9.5,29.2
2022-09-23,13.5,8.6,0.0,24.8
2022-09-24,17.9,8.6,0.0,10.6
2022-09-25,17.0,12.1,17.5,13.9
2022-09-26,17.0,11.1,7.0,30.5
2022-09-27,15.5,11.4,6.0,26.0
2022-09-28,14.9,10.6,4.0,17.9
2022-09-29,12.7,7.6,0.7,14.4
2022-09-30,15.2,5.5,0.0,10.0
2022-10-01,16.5,8.3,0.0,27.3
2022-10-02,13.7,10.2,0.3,28.6
2022-10-03,12.1,5.8,0.0,17.2
2022-10-04,14.7,6.4,0.0,13.0
2022-10-05,19.3,7.1,0.0,11.8
2022-10-06,22.4,11.8,1.0,16.8
2022-10-07,15.1,8.6,1.4,22.4
2022-10-08,11.1,6.4,0.1,23.5
2022-10-09,15.4,6.7,0.1,23.4
2022-10-10,12.3,6.2,1.4,15.1
2022-10-11,22.0,5.8,0.0,18.6
2022-10-12,22.1,11.4,0.5,24.3
2022-10-13,17.1,10.3,21.9,26.4
2022-10-14,15.1,6.1,0.0,24.2
2022-10-15,17.1,7.2,0.4,32.1
2022-10-16,16.1,4.7,0.0,14.0
2022-10-17,12.2,4.9,19.1,23.7
2022-10-18,9.7,4.2,0.7,26.6
2022-10-19,9.2,3.0,3.1,22.8
2022-10-20,8.4,3.5,1.9,21.8
2022-10-21,17.6,2.7,0.0,24.1
2022-10-22,21.5,10.1,0.0,25.5
2022-10-23,20.2,9.1,0.0,18.0
2022-10-24,18.0,8.7,0.0,12.5
2022-10-25,23.1,12.8,0.0,17.9
2022-10-26,21.0,11.4,4.0,23.7
2022-10-27,10.9,3.1,0.0,28.4
2022-10-28,9.9,1.4,0.0,12.5
2022-10-29,15.4,3.3,0.0,16.5
2022-10-30,15.6,3.0,0.0,16.5
2022-10-31,17.3,7.4,0.4,16.2
2022-11-01,17.4,11.6,7.5,15.4
2022-11-02,14.2,8.4,0.0,11.6
2022-11-03,16.4,7.8,0.0,15.4
2022-11-04,22.0,10.2,0.0,21.6
2022-11-05,23.9,15.9,0.0,33.4
2022-11-06,21.9,14.4,4.5,30.6
2022-11-07,14.4,7.3,0.0,23.4
2022-11-08,7.7,3.2,0.0,18.6
2022-11-09,15.4,0.4,0.0,21.8
2022-11-10,20.5,9.1,0.0,23.1
2022-11-11,18.4,12.6,37.2,20.9
2022-11-12,14.8,4.7,16.0,23.4
2022-11-13,4.2,1.5,1.9,21.0
2022-11-14,3.7,0.8,0.8,16.9
2022-11-15,3.5,0.3,1.3,14.7
2022-11-16,5.9,0.9,3.8,20.8
2022-11-17,2.1,-1.3,1.1,28.4
2022-11-18,1.4,-2.8,1.9,27.1
2022-11-19,-0.6,-4.7,0.0,22.9
2022-11-20,-1.8,-6.3,1.1,29.3
2022-11-21,5.1,-8.6,0.0,28.3
2022-11-22,6.2,-3.0,0.0,17.8
2022-11-23,7.6,-0.1,0.0,13.5
2022-11-24,11.6,-1.7,0.0,18.5
2022-11-25,7.8,3.5,3.9,28.0
2022-11-26,10.9,0.6,0.0,24.0
2022-11-27,9.9,4.5,6.2,22.1
2022-11-28,5.3,1.0,1.2,19.9
2022-11-29,8.6,0.4,0.0,18.7
2022-11-30,8.6,-0.4,17.5,33.2
2022-12-01,1.6,-2.5,0.0,34.4
2022-12-02,7.5,-3.5,1.9,28.5
2022-12-03,12.1,2.0,8.9,35.7
2022-12-04,3.2,-2.5,0.0,19.1
2022-12-05,7.1,-1.4,0.0,18.9
2022-12-06,7.1,4.2,2.4,19.5
2022-12-07,8.0,5.1,0.7,12.2
2022-12-08,6.2,0.5,0.0,15.3
2022-12-09,2.8,-0.3,1.2,18.1
2022-12-10,1.9,-2.2,0.0,16.4
2022-12-11,3.0,-1.9,7.6,15.2
2022-12-12,-0.7,-2.5,1.2,14.0
2022-12-13,0.1,-6.2,0.0,12.0
2022-12-14,0.4,-3.7,0.3,23.1
2022-12-15,2.0,-5.4,16.9,24.8
2022-12-16,1.9,0.1,3.6,17.1
2022-12-17,2.5,-2.0,0.2,19.5
2022-12-18,0.2,-3.4,1.1,24.0
2022-12-19,0.3,-3.3,1.2,25.6
2022-12-20,-0.2,-4.4,0.5,11.5
2022-12-21,3.4,-4.6,0.0,14.1
2022-12-22,3.7,-3.1,6.8,24.5
2022-12-23,4.8,-15.5,17.1,40.7
2022-12-24,-10.9,-14.1,2.4,39.8
2022-12-25,-3.7,-10.9,0.7,30.8
2022-12-26,-4.7,-9.2,0.3,21.8
2022-12-27,-2.2,-6.2,0.3,18.1
2022-12-28,7.3,-4.8,0.0,20.6
2022-12-29,12.2,1.8,0.0,22.4
2022-12-30,15.4,8.6,0.0,20.7
2022-12-31,10.5,7.7,7.8,18.0
2023-01-01,7.1,2.9,0.8,18.0
2023-01-02,7.4,0.6,0.0,15.1
2023-01-03,4.6,0.3,6.0,12.3
2023-01-04,5.6,3.5,21.4,17.7
2023-01-05,7.3,2.8,0.0,22.6
2023-01-06,5.3,0.9,0.6,20.3
2023-01-07,2.2,-1.4,0.8,16.4
2023-01-08,2.1,-4.3,0.0,10.5
2023-01-09,3.7,-4.0,0.0,22.8
2023-01-10,1.1,-2.7,0.6,18.3
2023-01-11,3.2,-4.5,0.0,16.6
2023-01-12,7.3,0.7,14.1,19.6
2023-01-13,2.8,-3.6,12.0,23.2
2023-01-14,-3.7,-6.8,1.4,19.1
2023-01-15,-3.3,-8.5,0.0,11.8
2023-01-16,-0.3,-9.0,0.0,11.4
2023-01-17,5.6,-5.1,2.1,20.2
2023-01-18,5.1,2.5,0.6,24.1
2023-01-19,4.0,0.2,10.2,20.9
2023-01-20,4.2,-0.3,8.5,20.5
2023-01-21,1.7,-0.9,0.4,12.8
2023-01-22,3.4,-1.4,3.2,10.7
2023-01-23,0.9,-1.2,1.6,19.8
2023-01-24,3.1,-1.0,0.6,27.2
2023-01-25,3.5,-3.5,11.7,23.1
2023-01-26,3.5,-2.4,1.5,28.4
2023-01-27,1.0,-3.4,1.2,24.2
2023-01-28,2.8,-1.3,0.7,27.9
2023-01-29,6.7,-1.6,2.3,18.4
2023-01-30,-0.9,-3.3,1.3,14.8
2023-01-31,-3.0,-6.3,1.2,16.6
2023-02-01,-2.7,-9.8,0.0,23.7
2023-02-02,2.7,-5.9,1.7,33.0
2023-02-03,-4.7,-18.9,2.2,38.4
2023-02-04,-2.5,-18.5,0.6,19.5
2023-02-05,8.2,-2.2,0.4,20.0
2023-02-06,3.0,-5.2,0.4,18.1
2023-02-07,11.6,-5.8,1.3,29.4
2023-02-08,7.9,0.3,0.1,19.8
2023-02-09,12.1,-1.1,16.6,25.4
2023-02-10,7.9,-0.1,1.5,34.9
2023-02-11,3.3,-2.3,0.1,25.0
2023-02-12,7.2,-1.1,0.0,17.3
2023-02-13,9.2,-2.8,0.0,25.3
2023-02-14,8.5,-1.8,0.0,18.4
2023-02-15,18.0,4.4,1.3,33.9
2023-02-16,8.1,1.9,0.0,19.1
2023-02-17,3.2,-5.1,3.9,23.4
2023-02-18,4.7,-6.8,0.1,27.2
2023-02-19,10.8,-1.6,1.2,29.7
2023-02-20,6.3,0.2,0.2,19.6
2023-02-21,7.7,-3.0,2.7,27.1
2023-02-22,0.1,-2.3,13.0,24.9
2023-02-23,0.3,-3.4,13.5,27.4
2023-02-24,1.0,-7.7,3.0,28.0
2023-02-25,-1.9,-10.4,2.0,13.5
2023-02-26,4.3,-8.8,0.0,28.6
2023-02-27,2.0,-5.3,6.1,24.1
2023-02-28,4.0,-2.3,3.3,27.4
2023-03-01,5.0,-4.6,0.1,17.4
2023-03-02,5.6,-0.9,0.0,20.6
2023-03-03,4.2,-2.3,12.3,32.3
2023-03-04,2.5,-1.9,11.1,31.8
2023-03-05,4.9,-0.9,0.7,18.0
2023-03-06,2.0,-4.1,0.0,13.4
2023-03-07,1.2,-3.5,0.2,32.6
2023-03-08,1.1,-2.6,0.2,22.5
2023-03-09,1.4,-4.1,0.0,15.8
2023-03-10,0.9,-4.3,7.8,24.5
2023-03-11,-0.1,-6.4,3.0,20.9
2023-03-12,1.4,-12.0,0.4,13.6
2023-03-13,2.7,-1.2,3.8,11.9
2023-03-14,-0.5,-3.0,6.3,33.2
2023-03-15,1.6,-5.3,0.1,26.8
2023-03-16,9.4,-2.7,0.0,18.1
2023-03-17,11.4,1.2,11.9,26.5
2023-03-18,3.8,-4.8,0.1,33.2
2023-03-19,0.2,-5.7,0.4,31.4
2023-03-20,7.3,-1.5,0.0,26.9
2023-03-21,10.6,0.5,0.0,21.1
2023-03-22,11.6,-0.1,0.1,10.3
2023-03-23,11.9,2.3,5.6,21.0
2023-03-24,4.6,-1.5,0.0,16.4
2023-03-25,10.1,-1.3,7.9,38.6
2023-03-26,10.9,2.2,0.0,35.2
2023-03-27,4.2,-1.5,6.4,15.6
2023-03-28,5.2,-1.8,0.2,13.6
2023-03-29,11.0,-2.0,2.9,39.5
2023-03-30,3.0,-3.5,0.0,21.6
2023-03-31,9.4,-4.0,5.5,18.8
2023-04-01,19.1,1.4,16.2,32.2
2023-04-02,1.4,-4.3,0.0,28.1
2023-04-03,18.2,-1.8,0.0,24.5
2023-04-04,11.6,5.9,14.9,18.9
2023-04-05,22.0,3.8,20.6,27.4
2023-04-06,16.1,5.6,2.2,24.2
2023-04-07,5.7,0.5,0.0,24.3
2023-04-08,5.4,-2.5,0.0,12.9
2023-04-09,8.2,-3.8,0.0,12.9
2023-04-10,16.2,-0.4,0.0,14.5
2023-04-11,19.5,6.4,0.0,30.3
2023-04-12,23.0,9.0,0.0,28.0
2023-04-13,25.3,14.4,0.0,24.9
2023-04-14,24.1,11.9,0.0,18.5
2023-04-15,18.2,8.3,0.0,10.4
2023-04-16,23.1,10.9,2.4,27.1
2023-04-17,12.1,3.3,11.9,23.8
2023-04-18,7.2,2.2,1.5,30.8
2023-04-19,7.8,1.2,0.7,22.8
2023-04-20,9.9,3.3,1.8,16.6
2023-04-21,22.0,4.7,2.5,14.3
2023-04-22,21.0,7.4,4.7,34.0
2023-04-23,11.2,4.1,0.3,16.6
2023-04-24,8.9,1.0,3.4,15.2
2023-04-25,10.3,0.2,2.4,14.6
2023-04-26,8.2,1.9,8.0,13.0
2023-04-27,11.2,0.2,0.0,19.6
2023-04-28,17.8,5.1,7.3,22.7
2023-04-29,14.6,6.0,10.4,23.7
2023-04-30,13.2,7.0,16.3,24.2
2023-05-01,11.4,5.7,4.4,22.9
2023-05-02,9.1,2.7,3.9,12.9
2023-05-03,7.4,2.8,8.0,10.9
2023-05-04,10.4,3.8,1.9,12.3
2023-05-05,11.1,1.8,0.0,10.4
2023-05-06,16.5,3.1,0.0,13.0
2023-05-07,19.5,6.2,3.9,13.1
2023-05-08,17.0,7.6,0.0,14.3
2023-05-09,15.4,6.4,0.0,12.9
2023-05-10,19.7,5.8,0.0,16.6
2023-05-11,22.7,9.2,0.0,18.1
2023-05-12,24.9,13.4,0.0,17.0
2023-05-13,21.4,11.1,0.0,11.6
2023-05-14,15.3,8.1,0.0,16.9
2023-05-15,21.5,4.8,0.0,22.2
2023-05-16,24.0,7.9,0.0,31.1
2023-05-17,10.0,3.2,0.0,19.3
2023-05-18,13.8,2.0,0.0,17.9
2023-05-19,25.3,10.2,2.4,24.7
2023-05-20,19.0,10.1,24.9,22.1
2023-05-21,22.2,10.1,0.0,20.4
2023-05-22,15.3,9.2,0.0,15.9
2023-05-23,21.8,6.2,0.0,11.5
2023-05-24,18.6,8.6,2.0,21.2
2023-05-25,13.8,5.3,0.0,22.6
2023-05-26,17.8,4.7,0.0,10.8
2023-05-27,20.4,6.6,0.0,12.1
2023-05-28,23.4,8.2,0.0,11.1
2023-05-29,21.4,11.3,0.0,14.3
2023-05-30,25.5,11.2,0.0,14.0
2023-05-31,25.0,15.9,0.0,17.9
2023-06-01,26.4,12.9,0.0,11.2
2023-06-02,26.4,16.7,0.0,11.5
2023-06-03,19.1,13.9,0.0,26.3
2023-06-04,20.4,10.9,0.0,18.2
2023-06-05,23.4,11.1,0.0,14.3
2023-06-06,22.4,13.3,0.8,19.9
2023-06-07,20.4,11.5,0.5,18.9
2023-06-08,15.6,11.1,0.6,11.9
2023-06-09,18.2,9.6,2.0,17.8
2023-06-10,23.4,11.6,0.5,14.1
2023-06-11,25.1,13.7,0.6,13.5
2023-06-12,21.6,14.4,21.7,21.2
2023-06-13,19.1,11.9,0.7,16.3
2023-06-14,16.2,11.8,3.4,17.9
2023-06-15,22.1,12.5,1.0,16.6
2023-06-16,20.1,13.6,2.8,13.4
2023-06-17,22.9,12.9,0.2,21.5
2023-06-18,21.0,11.6,0.0,10.4
2023-06-19,23.4,12.3,0.0,18.4
2023-06-20,23.0,15.2,0.0,17.3
2023-06-21,24.9,14.8,0.0,15.7
2023-06-22,23.5,15.0,0.0,17.1
2023-06-23,24.0,17.6,6.7,13.8
2023-06-24,23.0,17.2,1.6,10.9
2023-06-25,25.3,17.2,6.2,14.9
2023-06-26,28.4,18.5,20.9,17.1
2023-06-27,25.8,17.7,9.3,16.4
2023-06-28,22.1,16.3,1.0,21.3
2023-06-29,23.5,13.6,0.0,13.1
2023-06-30,28.0,16.5,0.1,14.8
2023-07-01,30.3,20.0,10.0,17.0
2023-07-02,24.7,19.1,5.7,11.2
2023-07-03,23.9,18.1,4.5,10.8
2023-07-04,28.3,17.4,0.0,12.0
2023-07-05,28.9,19.5,0.5,13.0
2023-07-06,31.7,20.1,0.1,12.9
2023-07-07,26.3,19.7,7.4,13.9
2023-07-08,25.0,14.9,0.0,12.6
2023-07-09,23.9,17.5,0.1,11.2
2023-07-10,25.8,18.9,0.0,16.8
2023-07-11,30.5,20.0,0.0,24.8
2023-07-12,24.6,18.9,1.0,13.2
2023-07-13,27.3,17.0,10.1,25.5
2023-07-14,24.6,16.1,0.2,12.9
2023-07-15,31.0,18.0,1.0,14.4
2023-07-16,25.7,19.1,1.8,14.1
2023-07-17,29.8,18.7,0.1,17.6
2023-07-18,26.8,17.6,1.7,13.9
2023-07-19,23.9,15.4,0.3,10.9
2023-07-20,29.1,16.0,20.8,14.8
2023-07-21,25.0,18.2,5.8,23.3
2023-07-22,25.6,16.4,0.1,14.4
2023-07-23,27.6,17.0,0.1,14.1
2023-07-24,27.4,17.2,0.9,15.6
2023-07-25,26.5,17.8,5.2,11.4
2023-07-26,31.5,19.0,0.2,19.5
2023-07-27,27.9,20.4,21.6,23.3
2023-07-28,30.0,19.9,0.0,14.5
2023-07-29,24.4,16.1,50.7,23.6
2023-07-30,23.8,15.6,1.6,12.1
2023-07-31,21.9,15.8,0.9,16.1
2023-08-01,21.5,13.6,0.7,11.6
2023-08-02,26.7,13.4,0.0,13.3
2023-08-03,29.1,18.2,0.6,16.6
2023-08-04,25.6,18.0,4.0,17.1
2023-08-05,22.8,16.6,0.4,14.0
2023-08-06,26.2,13.4,0.0,20.3
2023-08-07,29.1,20.1,13.2,14.0
2023-08-08,21.7,17.9,5.2,26.5
2023-08-09,26.8,16.7,0.3,16.4
2023-08-10,25.0,17.7,18.7,21.8
2023-08-11,24.1,16.1,0.0,16.1
2023-08-12,27.6,17.0,25.5,20.2
2023-08-13,24.8,18.0,1.7,19.0
2023-08-14,22.2,17.0,0.7,9.2
2023-08-15,22.8,18.2,11.6,14.1
2023-08-16,25.5,17.2,16.3,11.4
2023-08-17,28.5,17.5,0.5,14.8
2023-08-18,20.8,16.0,7.6,25.9
2023-08-19,23.7,14.0,0.0,20.6
2023-08-20,28.4,15.8,0.0,16.6
2023-08-21,22.5,16.8,1.5,15.8
2023-08-22,22.3,15.9,0.0,12.9
2023-08-23,24.4,16.2,0.0,10.6
2023-08-24,23.1,17.6,4.4,15.2
2023-08-25,23.1,20.2,24.7,12.0
2023-08-26,23.6,17.1,0.7,20.2
2023-08-27,19.4,14.9,0.3,14.6
2023-08-28,22.5,11.2,0.0,14.4
2023-08-29,24.5,15.6,0.2,12.2
2023-08-30,22.0,16.6,0.9,23.0
2023-08-31,19.5,13.7,0.1,16.3
2023-09-01,23.2,11.7,0.0,13.4
2023-09-02,27.8,14.6,0.0,25.1
2023-09-03,29.8,19.6,0.0,20.7
2023-09-04,30.1,21.8,0.0,15.9
2023-09-05,29.6,21.0,0.0,14.1
2023-09-06,31.3,20.7,0.2,11.2
2023-09-07,29.1,20.7,8.5,16.6
2023-09-08,22.1,18.1,0.6,15.5
2023-09-09,19.5,16.0,2.6,14.9
2023-09-10,21.6,16.4,2.3,10.7
2023-09-11,21.5,16.1,0.7,13.2
2023-09-12,25.2,14.8,5.3,15.5
2023-09-13,20.9,13.5,0.0,18.7
2023-09-14,18.2,12.3,0.3,17.8
2023-09-15,19.5,11.2,0.0,11.3
2023-09-16,21.0,10.3,0.0,14.3
2023-09-17,23.2,12.4,0.5,12.8
2023-09-18,20.1,12.8,12.2,13.8
2023-09-19,19.3,12.4,1.0,20.2
2023-09-20,18.1,9.7,0.0,13.1
2023-09-21,21.3,8.4,0.0,11.7
2023-09-22,23.2,8.8,0.0,14.9
2023-09-23,20.5,11.5,0.0,16.8
2023-09-24,19.0,13.1,0.0,20.2
2023-09-25,20.2,14.6,0.0,17.1
2023-09-26,20.2,12.6,0.0,19.4
2023-09-27,20.4,10.2,0.0,16.8
2023-09-28,21.3,11.3,1.1,16.1
2023-09-29,22.6,13.2,0.7,13.8
2023-09-30,21.4,11.8,0.0,11.3
2023-10-01,23.4,13.9,0.0,12.6
2023-10-02,24.1,14.6,0.3,11.4
2023-10-03,27.2,16.6,0.0,12.3
2023-10-04,29.2,16.3,0.0,18.8
2023-10-05,29.8,18.4,0.0,24.1
2023-10-06,21.5,16.0,7.7,20.4
2023-10-07,16.4,9.9,2.7,20.3
2023-10-08,14.0,7.5,4.2,31.8
2023-10-09,12.9,7.9,0.1,30.8
2023-10-10,11.6,8.4,1.5,17.4
2023-10-11,14.9,9.2,0.4,19.6
2023-10-12,14.9,7.9,0.0,14.5
2023-10-13,13.5,8.8,0.7,13.0
2023-10-14,11.4,8.1,6.3,18.0
2023-10-15,10.1,8.1,13.2,20.9
2023-10-16,12.2,8.7,7.7,20.7
2023-10-17,11.9,8.8,3.0,10.5
2023-10-18,15.4,7.4,0.1,14.1
2023-10-19,18.0,7.1,0.0,20.2
2023-10-20,17.0,11.1,2.9,21.8
2023-10-21,13.1,9.4,0.7,27.0
2023-10-22,8.9,7.3,3.0,28.5
2023-10-23,11.7,3.1,0.0,19.1
2023-10-24,22.1,6.1,0.6,21.2
2023-10-25,21.4,16.6,0.7,21.9
2023-10-26,23.0,14.3,6.5,14.3
2023-10-27,23.8,16.8,0.6,25.7
2023-10-28,19.0,8.7,0.7,22.4
2023-10-29,9.6,6.8,6.7,17.4
2023-10-30,7.8,4.1,12.6,18.4
2023-10-31,7.6,0.6,1.0,12.9
2023-11-01,4.2,-0.1,2.1,18.9
2023-11-02,9.2,-0.6,0.0,20.5
2023-11-03,15.0,4.2,0.0,24.5
2023-11-04,13.2,8.6,0.5,23.4
2023-11-05,9.1,5.2,0.7,15.7
2023-11-06,13.7,2.2,1.9,28.4
2023-11-07,14.6,4.3,1.1,29.1
2023-11-08,3.5,0.7,8.8,20.3
2023-11-09,10.6,2.3,4.5,23.7
2023-11-10,11.1,4.6,0.0,23.3
2023-11-11,5.1,2.3,0.5,13.4
2023-11-12,5.1,-0.8,0.3,11.3
2023-11-13,9.4,-1.6,0.7,17.8
2023-11-14,7.0,0.3,0.2,24.4
2023-11-15,14.4,0.2,0.0,21.1
2023-11-16,14.8,4.1,0.0,19.6
2023-11-17,15.2,6.1,8.3,25.9
2023-11-18,7.2,2.7,0.2,16.9
2023-11-19,7.9,2.5,0.7,31.3
2023-11-20,2.2,-2.1,0.0,15.3
2023-11-21,5.9,-3.0,19.2,26.6
2023-11-22,9.9,4.6,6.9,19.1
2023-11-23,8.1,2.7,0.0,25.5
2023-11-24,3.8,-1.0,0.5,22.4
2023-11-25,4.5,-2.0,0.1,15.3
2023-11-26,8.6,-1.8,3.4,22.5
2023-11-27,5.7,-1.4,0.0,26.7
2023-11-28,-0.4,-3.8,1.6,30.7
2023-11-29,-0.2,-4.3,0.2,21.8
2023-11-30,9.6,-0.3,0.0,26.4
2023-12-01,8.2,5.1,6.3,24.9
2023-12-02,6.6,4.2,3.4,14.8
2023-12-03,10.7,4.3,16.8,18.9
2023-12-04,6.2,2.3,1.2,20.8
2023-12-05,2.5,0.0,2.6,15.3
2023-12-06,0.9,-2.1,1.4,15.5
2023-12-07,3.7,-2.5,2.1,15.5
2023-12-08,7.2,-1.1,0.0,15.0
2023-12-09,14.6,8.2,1.2,23.8
2023-12-10,12.9,3.2,5.8,27.5
2023-12-11,2.8,0.6,1.6,28.1
2023-12-12,7.3,-0.9,0.0,25.4
2023-12-13,1.9,-1.9,0.3,27.7
2023-12-14,6.2,-2.9,0.0,24.7
2023-12-15,10.1,4.9,0.0,24.5
2023-12-16,8.6,3.3,0.0,18.8
2023-12-17,11.1,6.8,2.4,28.6
2023-12-18,8.8,2.0,20.4,19.3
2023-12-19,1.8,-4.3,7.0,26.6
2023-12-20,4.2,-4.2,0.0,14.3
2023-12-21,1.2,-3.0,0.0,19.6
2023-12-22,2.5,-5.6,0.0,9.5
2023-12-23,3.0,-0.9,3.1,14.9
2023-12-24,6.4,3.0,1.9,12.2
2023-12-25,11.9,3.5,0.0,14.9
2023-12-26,10.9,3.7,1.6,14.0
2023-12-27,10.4,8.1,15.4,11.2
2023-12-28,8.6,5.8,1.2,11.2
2023-12-29,6.3,4.0,5.1,19.5
2023-12-30,3.8,0.2,3.8,15.9
2023-12-31,1.5,-0.3,0.7,11.8
2024-01-01,-0.1,-2.2,1.3,16.1
2024-01-02,4.3,-3.0,0.0,22.7
2024-01-03,2.7,0.6,1.2,17.7
2024-01-04,0.6,-4.9,0.6,21.1
2024-01-05,1.3,-4.2,0.0,20.5
2024-01-06,1.8,-3.5,5.7,17.6
2024-01-07,0.2,-2.5,3.8,17.0
2024-01-08,3.5,-3.0,0.0,13.5
2024-01-09,9.4,-2.2,9.2,36.1
2024-01-10,9.8,0.2,2.6,33.2
2024-01-11,2.9,0.1,4.1,17.6
2024-01-12,4.4,-1.0,3.5,29.0
2024-01-13,4.1,-1.4,6.0,36.5
2024-01-14,-1.5,-8.4,1.5,35.5
2024-01-15,-6.4,-10.7,0.0,20.7
2024-01-16,-5.8,-10.1,1.7,19.4
2024-01-17,-7.3,-13.0,0.6,29.5
2024-01-18,-2.8,-7.7,2.1,15.8
2024-01-19,-3.8,-8.8,5.2,22.6
2024-01-20,-7.3,-11.1,4.8,24.2
2024-01-21,-3.9,-9.6,0.6,22.1
2024-01-22,1.5,-10.1,0.6,21.7
2024-01-23,1.0,-1.1,5.3,18.4
2024-01-24,4.5,1.1,9.3,12.4
2024-01-25,4.6,1.4,1.2,11.1
2024-01-26,4.2,1.0,25.9,19.9
2024-01-27,6.3,0.9,0.0,8.5
2024-01-28,2.5,0.8,9.1,20.7
2024-01-29,2.3,-2.5,1.4,17.3
2024-01-30,4.6,-2.7,0.0,13.3
2024-01-31,7.1,-1.8,0.0,17.7
2024-02-01,4.6,1.2,0.4,22.3
2024-02-02,2.5,0.2,1.0,17.7
2024-02-03,1.0,-3.5,0.0,11.5
2024-02-04,3.7,-4.2,0.0,10.5
2024-02-05,1.2,-1.5,0.0,14.2
2024-02-06,1.4,-2.8,0.0,12.8
2024-02-07,5.8,-4.6,0.0,9.4
2024-02-08,11.8,-2.5,0.2,22.9
2024-02-09,16.2,5.8,0.7,24.9
2024-02-10,12.5,3.7,6.1,23.0
2024-02-11,4.3,-0.6,0.0,15.2
2024-02-12,3.5,-2.7,0.0,12.0
2024-02-13,4.0,-3.2,0.8,28.5
2024-02-14,-1.5,-7.0,0.1,28.6
2024-02-15,2.7,-5.5,3.4,32.3
2024-02-16,0.8,-3.0,0.7,30.3
2024-02-17,-2.7,-7.0,2.7,25.5
2024-02-18,-0.6,-6.8,1.8,34.8
2024-02-19,-1.9,-8.6,0.7,25.5
2024-02-20,3.0,-8.5,0.0,13.4
2024-02-21,12.1,-2.6,0.0,22.7
2024-02-22,8.4,3.0,5.0,27.6
2024-02-23,10.6,-0.5,0.1,20.1
2024-02-24,-2.5,-9.6,0.0,20.3
2024-02-25,8.9,-7.2,0.0,23.6
2024-02-26,8.4,0.9,0.0,18.6
2024-02-27,19.9,2.8,14.3,24.5
2024-02-28,19.0,-3.4,10.4,37.8
2024-02-29,-2.7,-5.2,1.4,30.7
2024-03-01,7.8,-5.7,0.0,19.1
2024-03-02,8.1,3.8,4.0,19.1
2024-03-03,9.6,4.7,0.0,13.8
2024-03-04,19.8,4.6,0.0,22.8
2024-03-05,21.6,9.4,0.0,24.9
2024-03-06,10.6,3.6,11.0,17.7
2024-03-07,7.0,3.4,0.7,19.8
2024-03-08,13.7,-1.0,0.0,22.5
2024-03-09,10.6,3.8,13.7,33.9
2024-03-10,5.0,-1.5,2.8,35.4
2024-03-11,6.3,-1.0,0.3,34.2
2024-03-12,11.8,2.3,0.0,14.0
2024-03-13,18.9,4.7,0.0,20.2
2024-03-14,13.1,3.0,6.3,19.9
2024-03-15,10.6,3.8,0.9,16.5
2024-03-16,11.1,1.5,1.2,19.7
2024-03-17,7.1,0.3,6.3,25.6
2024-03-18,3.5,-2.2,1.0,23.8
2024-03-19,2.2,-2.2,3.1,27.2
2024-03-20,1.7,-4.3,2.9,31.2
2024-03-21,-1.4,-4.8,0.8,26.5
2024-03-22,-1.4,-5.2,2.4,14.3
2024-03-23,0.4,-3.6,5.1,19.5
2024-03-24,-1.0,-5.2,0.0,16.9
2024-03-25,14.5,-5.1,0.0,21.7
2024-03-26,14.9,3.4,0.0,27.9
2024-03-27,12.4,2.8,1.0,20.2
2024-03-28,7.2,0.6,0.0,17.4
2024-03-29,4.9,-1.9,0.0,27.4
2024-03-30,7.3,-1.5,0.0,20.8
2024-03-31,7.9,2.1,0.0,15.4
2024-04-01,8.9,1.5,0.0,13.7
2024-04-02,6.9,3.5,8.5,26.1
2024-04-03,8.2,2.8,34.4,30.1
2024-04-04,3.5,0.7,6.1,24.6
2024-04-05,5.3,0.1,3.0,22.1
2024-04-06,10.9,2.5,0.5,20.0
2024-04-07,11.8,1.9,0.0,11.0
2024-04-08,15.6,1.5,0.0,13.0
2024-04-09,21.9,4.8,0.0,17.4
2024-04-10,16.6,9.9,2.0,15.5
2024-04-11,22.4,9.4,16.7,27.0
2024-04-12,17.8,6.4,12.1,34.4
2024-04-13,11.2,2.9,7.1,39.4
2024-04-14,18.2,5.6,3.2,14.7
2024-04-15,14.8,4.9,0.0,18.4
2024-04-16,13.1,4.5,0.0,12.2
2024-04-17,12.1,4.8,7.5,21.4
2024-04-18,16.5,8.6,3.7,19.8
2024-04-19,19.4,7.8,2.3,30.3
2024-04-20,9.9,3.7,1.2,27.1
2024-04-21,8.0,0.9,1.6,22.2
2024-04-22,9.4,1.1,0.0,18.3
2024-04-23,19.7,5.3,2.1,25.2
2024-04-24,10.3,0.9,2.9,21.3
2024-04-25,6.0,0.5,0.0,13.5
2024-04-26,12.6,-1.7,0.0,19.2
2024-04-27,14.9,7.7,8.1,26.3
2024-04-28,22.0,12.9,1.5,26.7
2024-04-29,14.6,7.8,0.5,16.0
2024-04-30,14.1,7.9,2.4,12.6
2024-05-01,17.0,8.3,0.0,12.6
2024-05-02,17.2,9.9,0.0,18.9
2024-05-03,21.9,9.6,0.4,12.9
2024-05-04,23.0,11.5,0.3,22.8
2024-05-05,18.8,10.8,21.3,20.2
2024-05-06,17.5,10.2,0.6,14.9
2024-05-07,17.9,7.0,0.0,12.5
2024-05-08,21.9,10.1,8.1,33.5
2024-05-09,14.1,6.5,0.0,15.8
2024-05-10,12.5,8.4,2.7,11.7
2024-05-11,16.6,6.3,3.0,12.7
2024-05-12,14.5,6.3,1.3,11.7
2024-05-13,24.0,8.8,0.9,19.9
2024-05-14,21.9,14.3,0.5,21.2
2024-05-15,18.0,10.8,0.0,14.9
2024-05-16,18.0,12.0,0.0,11.8
2024-05-17,24.2,14.3,4.3,16.2
2024-05-18,20.5,12.6,4.2,13.7
2024-05-19,20.0,11.9,0.0,10.7
2024-05-20,22.7,13.4,0.0,15.6
2024-05-21,28.1,19.1,0.2,17.7
2024-05-22,31.0,19.3,1.5,18.7
2024-05-23,23.9,17.1,0.0,20.1
2024-05-24,22.6,15.2,0.0,20.2
2024-05-25,22.4,11.9,6.2,11.3
2024-05-26,21.0,13.5,0.4,16.8
2024-05-27,25.2,17.0,5.5,26.5
2024-05-28,20.4,13.8,1.7,24.5
2024-05-29,17.5,12.4,0.3,12.8
2024-05-30,17.4,10.9,0.0,16.2
2024-05-31,22.2,8.6,0.0,17.5
2024-06-01,22.7,10.6,0.0,13.2
2024-06-02,23.5,13.9,1.9,16.3
2024-06-03,22.9,15.4,0.7,12.1
2024-06-04,27.2,15.4,0.0,13.3
2024-06-05,30.2,17.9,5.1,18.5
2024-06-06,25.0,18.4,6.3,18.4
2024-06-07,18.8,13.7,8.2,21.7
2024-06-08,21.6,13.2,1.8,27.5
2024-06-09,20.2,11.7,12.1,24.4
2024-06-10,15.9,10.6,0.3,20.9
2024-06-11,15.1,12.1,0.4,10.8
2024-06-12,20.9,10.4,0.0,14.7
2024-06-13,30.1,14.2,0.0,24.5
2024-06-14,25.1,17.5,5.2,23.3
2024-06-15,20.0,14.4,0.0,14.7
2024-06-16,24.8,11.9,0.0,15.7
2024-06-17,32.8,20.5,0.3,22.0
2024-06-18,32.9,21.4,5.4,18.1
2024-06-19,32.4,22.5,0.3,15.5
2024-06-20,29.2,22.2,0.0,16.0
2024-06-21,25.7,20.0,4.8,13.5
2024-06-22,27.4,20.4,1.1,11.6
2024-06-23,29.1,19.8,2.0,35.0
2024-06-24,26.5,17.0,0.3,26.5
2024-06-25,31.0,16.6,0.8,24.4
2024-06-26,29.4,17.6,4.9,21.8
2024-06-27,21.3,15.2,1.0,19.0
2024-06-28,26.1,10.7,0.0,17.6
2024-06-29,25.0,18.4,20.6,27.5
2024-06-30,23.1,15.6,4.3,26.7
2024-07-01,22.4,14.0,0.0,16.6
2024-07-02,26.2,12.6,0.0,15.0
2024-07-03,33.5,20.2,0.6,25.4
2024-07-04,29.7,21.2,0.4,14.7
2024-07-05,28.4,19.7,0.7,13.2
2024-07-06,29.1,19.0,0.9,19.7
2024-07-07,25.5,18.2,0.6,14.8
2024-07-08,29.0,18.0,0.0,16.1
2024-07-09,30.7,20.0,0.3,13.1
2024-07-10,25.8,21.5,35.0,14.2
2024-07-11,23.8,20.4,7.6,14.1
2024-07-12,26.5,18.3,1.4,10.5
2024-07-13,26.9,18.8,0.0,11.6
2024-07-14,32.4,17.5,0.1,17.9
2024-07-15,31.4,20.6,10.4,17.9
2024-07-16,27.9,18.9,5.7,32.9
2024-07-17,27.0,20.5,0.1,15.1
2024-07-18,22.5,17.0,0.2,17.1
2024-07-19,24.0,15.1,0.1,13.4
2024-07-20,27.0,13.9,0.0,15.0
2024-07-21,26.0,17.3,1.2,11.4
2024-07-22,27.6,17.9,1.1,15.0
2024-07-23,27.4,19.0,15.9,14.0
2024-07-24,28.7,19.3,16.5,20.6
2024-07-25,23.5,17.0,0.1,19.2
2024-07-26,25.4,15.5,0.0,12.1
2024-07-27,26.6,14.6,0.0,13.4
2024-07-28,29.3,16.1,0.0,16.7
2024-07-29,28.6,18.4,0.0,16.7
2024-07-30,32.5,19.8,4.4,15.3
2024-07-31,29.6,20.7,5.7,19.0
2024-08-01,29.5,20.7,0.4,12.8
2024-08-02,25.0,21.0,6.5,10.4
2024-08-03,25.2,20.0,5.5,10.2
2024-08-04,30.0,20.7,0.3,18.7
2024-08-05,28.7,19.1,16.8,14.4
2024-08-06,20.8,17.6,10.9,15.6
2024-08-07,23.0,17.6,0.0,17.8
2024-08-08,27.8,17.2,19.2,19.9
2024-08-09,25.6,20.9,43.3,21.6
2024-08-10,24.5,16.4,0.0,21.3
2024-08-11,23.5,15.6,8.1,20.7
2024-08-12,22.0,15.1,1.1,18.3
2024-08-13,24.5,15.8,0.3,13.8
2024-08-14,26.2,17.1,0.0,12.1
2024-08-15,27.6,16.6,0.2,11.8
2024-08-16,31.2,16.5,1.1,14.0
2024-08-17,29.8,19.5,21.3,19.1
2024-08-18,27.5,19.5,18.7,19.9
2024-08-19,19.6,14.8,12.1,22.0
2024-08-20,18.0,13.9,1.7,21.3
2024-08-21,18.4,12.0,7.1,15.8
2024-08-22,22.2,13.1,0.0,16.6
2024-08-23,25.0,14.9,0.0,15.2
2024-08-24,26.2,13.8,0.0,13.4
2024-08-25,26.1,14.6,0.4,10.5
2024-08-26,26.8,15.8,0.0,10.8
2024-08-27,32.2,17.9,0.5,22.4
2024-08-28,24.5,17.7,1.8,19.1
2024-08-29,20.4,16.5,0.5,14.0
2024-08-30,29.9,15.9,0.6,20.5
2024-08-31,27.6,19.6,6.1,25.1
2024-09-01,26.2,17.6,7.6,20.3
2024-09-02,18.5,13.8,0.5,20.8
2024-09-03,21.8,11.4,0.0,14.4
2024-09-04,25.4,12.1,0.0,13.6
2024-09-05,27.5,14.1,0.0,17.4
2024-09-06,28.7,16.4,19.0,19.2
2024-09-07,18.1,10.6,23.5,24.3
2024-09-08,17.7,9.2,0.4,29.4
2024-09-09,21.5,12.6,4.2,18.4
2024-09-10,21.2,11.9,0.2,10.9
2024-09-11,23.7,11.9,0.0,12.2
2024-09-12,25.1,14.6,0.0,11.6
2024-09-13,24.1,14.7,0.0,11.9
2024-09-14,24.6,13.6,0.0,14.6
2024-09-15,25.9,15.9,0.1,12.7
2024-09-16,25.5,16.5,0.0,13.7
2024-09-17,24.2,16.1,0.0,12.1
2024-09-18,23.6,13.6,0.0,12.9
2024-09-19,23.5,15.1,0.0,10.5
2024-09-20,24.5,13.9,0.0,12.3
2024-09-21,28.1,17.6,3.4,13.7
2024-09-22,26.2,14.8,0.4,12.7
2024-09-23,20.7,16.0,16.3,19.7
2024-09-24,21.8,15.4,15.9,21.0
2024-09-25,23.5,15.4,2.8,22.6
2024-09-26,22.4,13.8,3.4,16.3
2024-09-27,22.0,13.4,0.0,16.3
2024-09-28,21.8,16.0,0.2,13.4
2024-09-29,23.5,16.5,2.7,13.2
2024-09-30,20.9,14.9,0.4,15.5
2024-10-01,24.4,14.8,0.0,19.3
2024-10-02,18.2,10.8,3.1,15.9
2024-10-03,22.4,9.8,0.0,14.6
2024-10-04,21.4,11.1,3.7,15.9
2024-10-05,17.2,10.4,0.0,12.4
2024-10-06,25.9,9.1,2.8,22.8
2024-10-07,16.0,11.1,0.3,22.3
2024-10-08,15.4,8.3,0.9,20.3
2024-10-09,14.0,6.3,1.4,24.3
2024-10-10,11.4,7.9,0.0,18.5
2024-10-11,19.5,5.8,0.0,30.2
2024-10-12,19.0,6.7,0.0,29.5
2024-10-13,10.6,6.8,6.9,21.8
2024-10-14,9.6,5.4,17.9,33.6
2024-10-15,9.2,5.1,9.1,21.5
2024-10-16,9.4,5.8,3.3,19.4
2024-10-17,13.3,5.5,0.0,11.4
2024-10-18,16.6,4.6,0.0,12.4
2024-10-19,18.8,4.4,0.0,12.5
2024-10-20,21.2,7.4,0.0,20.7
2024-10-21,23.1,14.9,0.0,20.9
2024-10-22,24.8,12.9,0.0,17.3
2024-10-23,22.8,12.6,0.2,24.3
2024-10-24,11.6,5.3,0.0,18.5
2024-10-25,13.9,3.0,0.0,15.7
2024-10-26,11.8,7.6,0.2,22.1
2024-10-27,11.9,3.1,0.0,16.3
2024-10-28,12.5,4.0,0.0,16.1
2024-10-29,15.9,7.4,4.3,23.5
2024-10-30,23.9,15.0,0.0,22.9
2024-10-31,25.2,15.6,0.0,26.0
2024-11-01,20.2,8.3,1.2,29.9
2024-11-02,7.9,3.8,0.0,21.7
2024-11-03,10.1,1.6,0.0,13.2
2024-11-04,15.4,4.9,1.8,27.3
2024-11-05,25.0,14.4,0.0,29.0
2024-11-06,20.5,14.8,4.6,28.2
2024-11-07,14.8,8.5,0.5,18.5
2024-11-08,13.1,6.6,0.0,31.0
2024-11-09,7.1,2.8,0.0,19.4
2024-11-10,13.9,3.2,8.5,25.2
2024-11-11,14.9,7.9,4.2,28.2
2024-11-12,7.9,3.5,0.5,28.9
2024-11-13,5.8,0.2,0.0,17.4
2024-11-14,9.4,2.5,0.0,20.8
2024-11-15,9.1,3.8,0.0,15.7
2024-11-16,9.8,5.1,0.0,23.3
2024-11-17,11.2,2.0,0.1,14.3
2024-11-18,13.4,8.0,0.3,19.7
2024-11-19,10.2,3.7,1.6,15.8
2024-11-20,15.2,8.1,4.1,30.4
2024-11-21,7.9,3.2,8.1,30.1
2024-11-22,6.8,4.1,24.4,33.1
2024-11-23,7.8,4.8,2.6,26.8
2024-11-24,6.7,3.6,0.3,27.1
2024-11-25,7.6,-0.1,0.0,13.8
2024-11-26,9.5,4.4,8.7,31.7
2024-11-27,6.3,0.8,0.0,26.3
2024-11-28,3.5,1.5,9.3,22.3
2024-11-29,2.8,-1.8,0.0,26.0
2024-11-30,0.8,-3.2,0.0,29.3
2024-12-01,-0.1,-3.6,0.5,25.5
2024-12-02,0.9,-3.8,2.9,17.7
2024-12-03,-0.6,-3.5,1.6,19.7
2024-12-04,1.1,-3.3,1.4,26.4
2024-12-05,2.0,-2.6,3.7,32.7
2024-12-06,-2.8,-6.1,0.1,28.6
2024-12-07,1.7,-4.6,2.4,24.2
2024-12-08,5.9,2.4,0.5,38.8
2024-12-09,7.1,1.4,12.8,17.8
2024-12-10,10.6,4.9,4.6,19.6
2024-12-11,8.8,0.4,5.1,31.4
2024-12-12,-0.3,-6.8,1.2,30.6
2024-12-13,-5.1,-9.1,0.0,24.5
2024-12-14,-1.9,-10.0,0.0,16.2
2024-12-15,2.2,-5.3,3.4,21.9
2024-12-16,7.1,2.7,2.1,35.0
2024-12-17,10.1,3.3,0.5,35.2
2024-12-18,3.8,1.1,5.5,19.9
2024-12-19,1.7,-1.5,0.3,23.3
2024-12-20,-0.2,-3.3,6.4,23.1
2024-12-21,-3.8,-9.2,2.9,21.6
2024-12-22,-9.6,-13.8,1.9,19.9
2024-12-23,-0.3,-16.8,1.9,16.9
2024-12-24,1.8,-0.8,4.3,18.1
2024-12-25,-0.9,-3.0,0.4,10.6
2024-12-26,-2.3,-6.0,0.0,12.5
2024-12-27,2.2,-7.4,0.0,13.8
2024-12-28,10.6,2.0,0.3,25.0
2024-12-29,14.4,3.5,8.0,30.3
2024-12-30,14.4,3.8,2.6,30.9
2024-12-31,7.2,0.7,5.2,24.1
2025-01-01,4.5,0.6,6.3,39.2
2025-01-02,1.3,-2.9,0.3,32.3
2025-01-03,-1.5,-4.2,1.0,29.1
2025-01-04,-3.8,-5.7,3.9,36.0
2025-01-05,-3.7,-6.4,1.7,31.1
2025-01-06,-3.5,-7.4,2.7,20.8
2025-01-07,-4.7,-7.8,0.3,35.2
2025-01-08,-5.4,-9.4,2.3,30.8
2025-01-09,-6.2,-8.6,0.1,31.2
2025-01-10,-5.0,-10.1,0.3,21.8
2025-01-11,-1.9,-6.2,2.6,17.9
2025-01-12,1.1,-3.7,0.3,15.8
2025-01-13,1.2,-3.8,0.7,28.9
2025-01-14,-4.7,-8.0,0.2,32.0
2025-01-15,-4.2,-7.5,1.5,24.3
2025-01-16,-4.1,-9.1,2.6,19.7
2025-01-17,1.1,-4.4,0.0,22.4
2025-01-18,2.5,-1.8,2.7,33.8
2025-01-19,-2.9,-6.6,0.8,21.1
2025-01-20,-6.9,-13.3,9.5,24.1
2025-01-21,-11.4,-15.1,0.1,22.9
2025-01-22,-9.9,-18.7,0.2,20.5
2025-01-23,-4.8,-10.1,0.4,20.9
2025-01-24,-5.8,-9.1,0.9,22.5
2025-01-25,-2.8,-10.1,0.0,23.2
2025-01-26,-0.6,-3.7,0.3,29.5
2025-01-27,-0.6,-5.1,0.1,39.6
2025-01-28,0.1,-8.6,5.1,39.3
2025-01-29,2.4,-6.9,2.2,36.5
2025-01-30,1.5,-10.4,0.4,23.2
2025-01-31,2.6,-1.4,12.8,23.7
2025-02-01,-1.6,-12.2,0.1,26.5
2025-02-02,-1.2,-12.8,2.1,19.0
2025-02-03,3.8,-1.0,5.6,15.0
2025-02-04,0.2,-6.7,2.3,29.6
2025-02-05,-5.4,-9.2,0.2,15.9
2025-02-06,3.2,-9.6,4.8,36.0
2025-02-07,0.6,-7.6,0.7,37.0
2025-02-08,-2.4,-7.8,3.9,19.1
2025-02-09,-0.8,-3.7,3.0,24.9
2025-02-10,-4.0,-7.4,0.3,21.2
2025-02-11,-2.0,-8.6,0.0,17.9
2025-02-12,0.1,-8.4,2.9,25.5
2025-02-13,4.0,-4.4,3.3,37.6
2025-02-14,-5.1,-7.8,0.1,28.1
2025-02-15,-0.3,-7.8,4.8,17.1
2025-02-16,0.6,-5.9,20.5,30.4
2025-02-17,-6.2,-11.4,2.1,38.4
2025-02-18,-9.1,-12.9,0.2,34.4
2025-02-19,-7.2,-10.9,2.7,28.1
2025-02-20,-7.4,-8.9,2.7,23.6
2025-02-21,-6.4,-9.2,0.8,25.2
2025-02-22,-0.8,-8.1,0.0,26.5
2025-02-23,0.3,-2.9,0.3,26.3
2025-02-24,5.9,-3.1,0.0,35.8
2025-02-25,6.6,2.0,3.1,26.1
2025-02-26,4.8,-1.5,0.0,17.3
2025-02-27,6.7,1.0,2.0,25.0
2025-02-28,6.1,-4.1,0.9,35.1
2025-03-01,6.1,-8.6,0.3,36.6
2025-03-02,-5.4,-12.6,1.0,27.6
2025-03-03,1.0,-6.8,0.4,18.0
2025-03-04,9.4,-2.8,0.0,20.2
2025-03-05,14.1,5.9,14.4,27.7
2025-03-06,7.4,-3.2,0.6,37.8
2025-03-07,0.2,-2.5,0.3,35.6
2025-03-08,-0.3,-4.8,2.3,32.1
2025-03-09,6.9,-2.8,0.0,32.4
2025-03-10,11.5,1.9,0.0,35.8
2025-03-11,15.5,0.1,0.0,31.6
2025-03-12,0.6,-3.7,0.0,19.5
2025-03-13,10.1,-0.7,0.0,12.4
2025-03-14,17.7,-1.3,0.0,26.3
2025-03-15,17.2,8.2,0.4,36.0
2025-03-16,18.4,7.6,5.8,38.7
2025-03-17,6.8,-0.9,0.0,22.8
2025-03-18,16.6,-2.0,0.0,16.2
2025-03-19,22.1,6.6,0.0,26.8
2025-03-20,15.3,1.6,2.8,30.1
2025-03-21,6.8,-2.0,0.0,34.7
2025-03-22,10.9,-3.1,0.8,34.5
2025-03-23,0.6,-4.4,0.0,22.9
2025-03-24,10.5,1.2,2.2,35.9
2025-03-25,3.8,-0.3,0.0,26.2
2025-03-26,2.3,-2.4,0.9,25.4
2025-03-27,8.1,-3.6,0.2,26.9
2025-03-28,8.6,-1.0,0.9,20.4
2025-03-29,4.3,0.0,6.8,17.7
2025-03-30,17.3,0.4,7.5,22.9
2025-03-31,16.3,1.0,0.7,32.0
2025-04-01,2.4,-0.6,0.1,21.9
2025-04-02,7.3,-1.8,11.9,29.5
2025-04-03,21.1,8.8,6.6,44.3
2025-04-04,7.8,3.0,0.0,18.2
2025-04-05,18.7,5.2,6.7,29.9
2025-04-06,6.4,2.4,0.7,21.9
2025-04-07,8.4,-0.3,0.6,27.2
2025-04-08,-1.5,-4.2,1.3,37.3
2025-04-09,3.4,-4.4,0.0,19.5
2025-04-10,3.2,-1.9,7.9,16.3
2025-04-11,7.2,2.9,2.4,12.8
2025-04-12,7.5,2.2,0.6,13.4
2025-04-13,11.9,2.7,0.0,15.7
2025-04-14,20.3,3.7,0.6,24.0
2025-04-15,13.4,2.8,3.2,36.2
2025-04-16,4.7,1.2,1.1,33.4
2025-04-17,9.6,-0.6,0.0,18.5
2025-04-18,21.2,2.8,1.7,25.5
2025-04-19,22.3,9.1,5.9,32.7
2025-04-20,8.1,3.5,0.0,22.4
2025-04-21,19.5,4.2,19.0,26.0
2025-04-22,13.6,7.6,0.0,26.3
2025-04-23,13.5,3.2,0.0,11.0
2025-04-24,20.2,9.6,0.2,16.7
2025-04-25,16.5,8.6,1.7,16.3
2025-04-26,15.6,5.7,13.8,37.3
2025-04-27,14.4,6.1,0.3,34.5
2025-04-28,17.0,4.2,0.0,19.1
2025-04-29,26.7,10.8,4.0,34.0
2025-04-30,8.7,3.3,0.0,24.9
2025-05-01,19.3,5.3,14.2,15.7
2025-05-02,21.3,12.1,2.2,30.8
2025-05-03,9.7,6.6,16.5,10.0
2025-05-04,11.3,6.5,3.4,16.2
2025-05-05,19.1,9.2,5.5,17.7
2025-05-06,19.3,12.1,7.4,21.4
2025-05-07,19.4,11.3,20.4,28.7
2025-05-08,10.4,6.2,1.0,14.7
2025-05-09,10.5,4.3,0.0,14.7
2025-05-10,19.0,6.2,0.0,19.1
2025-05-11,12.4,5.4,0.0,16.5
2025-05-12,21.8,6.4,0.0,15.2
2025-05-13,23.3,13.9,4.0,21.3
2025-05-14,21.0,15.2,2.8,26.7
2025-05-15,20.2,14.8,2.1,12.3
2025-05-16,24.0,16.8,0.8,19.8
2025-05-17,23.2,13.1,12.8,28.7
2025-05-18,15.1,10.2,0.5,30.3
2025-05-19,11.8,6.4,0.0,18.1
2025-05-20,12.6,4.6,0.0,18.1
2025-05-21,12.1,7.8,15.5,28.9
2025-05-22,14.1,9.4,9.1,27.2
2025-05-23,12.0,9.1,6.5,25.0
2025-05-24,13.8,8.5,1.2,23.9
2025-05-25,16.0,7.7,4.3,18.6
2025-05-26,17.4,7.7,0.0,13.9
2025-05-27,20.2,8.6,0.0,12.8
2025-05-28,18.0,11.6,14.9,19.7
2025-05-29,20.0,13.0,6.0,20.3
2025-05-30,20.8,12.3,0.1,22.9
2025-05-31,13.9,9.1,2.9,27.4
2025-06-01,14.1,7.6,5.3,25.3
2025-06-02,20.1,7.3,0.0,17.7
2025-06-03,27.2,11.2,0.0,18.8
2025-06-04,29.8,17.1,0.0,23.6
2025-06-05,21.3,16.7,0.2,13.3
2025-06-06,19.5,14.2,3.2,11.2
2025-06-07,22.5,13.1,0.7,12.5
2025-06-08,19.9,12.5,0.4,13.5
2025-06-09,25.0,17.1,13.5,20.6
2025-06-10,21.5,16.0,3.5,27.2
2025-06-11,24.8,15.2,0.0,24.1
2025-06-12,22.5,15.4,0.0,27.2
2025-06-13,15.9,11.1,0.0,16.5
2025-06-14,18.7,11.7,0.0,14.3
2025-06-15,20.2,14.2,0.0,14.3
2025-06-16,24.3,16.4,1.2,12.4
2025-06-17,27.4,17.5,3.1,17.6
2025-06-18,27.8,20.4,1.8,16.9
2025-06-19,27.2,17.0,2.3,35.0
2025-06-20,24.4,15.9,0.4,31.8
2025-06-21,30.5,17.1,0.0,22.3
2025-06-22,29.2,23.5,58.4,33.6
2025-06-23,35.0,25.8,0.0,26.0
2025-06-24,35.3,26.5,1.3,21.3
2025-06-25,29.0,22.6,0.0,15.3
2025-06-26,22.5,16.2,3.8,19.4
2025-06-27,27.5,17.3,2.3,25.4
2025-06-28,28.6,18.0,0.4,27.2
2025-06-29,23.2,14.9,0.0,10.8
2025-06-30,31.4,18.0,2.7,21.8
2025-07-01,27.3,22.1,4.3,19.6
2025-07-02,28.0,18.4,0.1,18.1
2025-07-03,25.6,19.0,4.7,27.4
2025-07-04,24.8,15.1,0.0,17.4
2025-07-05,32.5,16.2,0.2,18.2
2025-07-06,34.0,23.4,0.0,21.9
2025-07-07,31.5,21.4,2.9,22.2
2025-07-08,23.9,19.2,0.0,11.2
2025-07-09,26.5,19.5,1.2,8.7
2025-07-10,28.3,18.7,0.6,12.6
2025-07-11,29.6,20.2,0.1,11.7
2025-07-12,33.0,22.2,2.4,15.5
2025-07-13,31.0,24.0,3.4,20.7
2025-07-14,27.4,21.4,0.2,10.7
2025-07-15,29.6,19.9,0.4,11.7
2025-07-16,31.2,20.9,3.2,14.8
2025-07-17,28.7,19.4,2.5,38.0
2025-07-18,22.5,16.2,0.0,21.9
2025-07-19,28.6,14.8,0.0,13.3
2025-07-20,25.8,19.9,3.1,21.8
2025-07-21,21.9,18.1,0.0,18.5
2025-07-22,23.5,15.6,0.0,17.9
2025-07-23,30.0,14.4,0.0,13.9
2025-07-24,34.7,22.4,0.0,21.1
2025-07-25,28.9,23.9,1.0,21.5
2025-07-26,31.8,20.4,6.5,14.7
2025-07-27,29.9,22.2,7.4,22.1
2025-07-28,32.1,20.9,0.0,17.2
2025-07-29,29.7,22.5,0.0,16.9
2025-07-30,29.5,21.4,0.0,23.6
2025-07-31,23.9,18.8,2.3,22.0
2025-08-01,22.0,17.9,0.1,15.3
2025-08-02,25.5,14.3,0.0,16.0
2025-08-03,28.2,16.1,0.0,15.4
2025-08-04,27.6,17.4,0.0,12.2
2025-08-05,26.4,18.5,0.0,15.2
2025-08-06,29.0,19.0,5.6,12.8
2025-08-07,28.5,19.0,0.0,15.9
2025-08-08,29.6,19.5,0.1,16.5
2025-08-09,31.3,20.8,0.0,17.1
2025-08-10,32.5,22.0,0.0,16.0
2025-08-11,32.8,21.6,0.0,19.0
2025-08-12,33.4,22.9,1.7,16.5
2025-08-13,27.6,22.8,7.5,15.4
2025-08-14,24.9,21.2,0.0,14.4
2025-08-15,26.9,18.9,0.0,17.2
2025-08-16,28.9,20.2,0.0,12.3
2025-08-17,26.2,18.3,1.2,25.5
2025-08-18,19.6,16.0,0.0,20.3
2025-08-19,27.8,14.9,2.4,16.9
2025-08-20,21.2,16.1,8.7,18.6
2025-08-21,20.4,15.8,0.1,13.6
2025-08-22,25.2,15.9,0.0,11.4
2025-08-23,27.6,18.0,0.8,18.6
2025-08-24,23.9,18.6,12.4,16.8
2025-08-25,22.4,15.6,2.8,20.7
2025-08-26,20.8,13.6,1.7,22.4
2025-08-27,19.9,12.2,2.8,20.5
2025-08-28,22.9,14.1,7.6,23.9
2025-08-29,17.3,12.6,1.1,20.8
2025-08-30,19.2,11.2,0.0,18.3
2025-08-31,21.7,11.6,0.0,12.0
2025-09-01,22.3,11.2,0.0,10.8
2025-09-02,24.8,13.8,0.0,13.0
2025-09-03,26.8,14.3,0.0,17.7
2025-09-04,23.0,14.3,7.5,25.0
2025-09-05,25.0,11.9,0.7,28.6
2025-09-06,19.6,14.1,2.0,11.5
2025-09-07,18.5,12.9,0.1,20.7
2025-09-08,19.4,10.4,0.0,14.4
2025-09-09,23.4,9.5,0.0,14.2
2025-09-10,23.5,13.2,0.0,16.3
2025-09-11,22.5,13.0,0.0,11.7
2025-09-12,23.0,13.6,0.2,11.9
2025-09-13,23.8,14.1,0.0,12.2
2025-09-14,21.9,16.1,0.1,13.0
2025-09-15,20.9,14.7,0.0,13.0
2025-09-16,22.1,13.3,0.0,13.0
2025-09-17,24.4,13.8,0.0,12.6
2025-09-18,27.0,13.4,0.1,17.0
2025-09-19,19.9,14.6,0.0,14.3
2025-09-20,17.8,12.6,0.0,17.1
2025-09-21,28.4,12.1,0.1,22.3
2025-09-22,26.8,18.6,3.1,23.1
2025-09-23,23.0,18.0,7.7,14.5
2025-09-24,22.6,15.9,8.7,15.4
2025-09-25,20.5,17.8,6.5,11.9
2025-09-26,21.8,16.4,0.5,15.2
2025-09-27,24.7,15.0,0.0,12.3
2025-09-28,22.5,16.2,0.0,16.3
2025-09-29,22.3,11.4,0.0,9.7
2025-09-30,18.6,12.6,0.0,21.4
2025-10-01,15.1,11.6,0.0,18.8
2025-10-02,20.1,6.7,0.0,14.3
2025-10-03,22.8,11.6,0.0,19.2
2025-10-04,26.4,12.8,0.0,13.9
2025-10-05,27.7,14.4,0.0,15.8
2025-10-06,27.4,15.4,0.0,18.7
2025-10-07,21.8,15.6,13.9,21.1
2025-10-08,15.4,10.8,3.0,22.1
2025-10-09,10.6,5.3,0.0,17.7
2025-10-10,17.6,2.5,0.0,21.9
2025-10-11,15.4,10.2,0.7,19.1
2025-10-12,18.0,10.6,0.2,17.6
2025-10-13,15.1,11.6,0.7,16.8
2025-10-14,17.9,12.2,0.0,16.7
2025-10-15,13.5,8.4,0.0,17.7
2025-10-16,11.6,6.6,0.0,18.7
2025-10-17,11.6,3.8,2.1,12.2
2025-10-18,20.0,8.7,0.2,21.8
2025-10-19,22.6,15.4,4.2,31.8
2025-10-20,15.0,9.8,12.0,32.7
2025-10-21,15.4,6.1,0.0,18.7
2025-10-22,11.6,7.4,5.0,29.2
2025-10-23,11.9,6.7,1.9,23.2
2025-10-24,9.9,6.0,1.2,21.2
2025-10-25,10.6,4.6,0.6,13.1
2025-10-26,8.6,3.5,0.0,10.1
2025-10-27,9.2,0.5,0.0,13.7
2025-10-28,10.5,2.2,0.0,17.6
2025-10-29,11.6,1.7,0.0,13.7
2025-10-30,9.6,5.4,24.9,27.8
2025-10-31,8.7,5.8,10.8,40.5
2025-11-01,8.9,5.2,0.7,27.1
2025-11-02,10.9,1.4,0.0,11.4
2025-11-03,10.9,5.9,1.4,34.6
2025-11-04,13.1,6.2,0.0,27.5
2025-11-05,14.8,4.8,3.2,35.3
2025-11-06,6.2,2.5,2.1,26.7
2025-11-07,13.6,1.5,1.2,27.6
2025-11-08,10.8,4.9,0.0,21.5
2025-11-09,4.9,1.0,11.0,26.0
2025-11-10,0.8,-2.2,4.9,18.0
2025-11-11,1.5,-2.9,2.9,25.8
2025-11-12,6.2,0.5,2.5,25.0
2025-11-13,6.8,2.5,6.8,24.8
2025-11-14,8.3,1.2,4.7,17.3
2025-11-15,12.8,-0.3,11.0,27.3
2025-11-16,11.8,0.6,8.1,34.8
2025-11-17,2.9,-0.2,2.2,31.3
2025-11-18,4.9,-0.6,0.1,18.3
2025-11-19,4.6,-2.2,0.0,9.6
2025-11-20,6.9,-2.2,0.0,9.0
2025-11-21,9.9,1.0,1.0,23.1
2025-11-22,6.2,1.8,0.0,13.1
2025-11-23,7.3,0.2,5.2,24.6
2025-11-24,8.4,2.0,0.5,26.3
2025-11-25,12.2,5.8,8.0,19.8
2025-11-26,14.6,3.5,4.3,31.0
2025-11-27,3.4,0.2,0.6,29.6
2025-11-28,0.9,-1.0,3.8,35.2
2025-11-29,0.5,-2.6,0.3,25.3
2025-11-30,3.4,-1.5,4.9,31.2
2025-12-01,1.5,-5.5,0.2,31.9
2025-12-02,0.1,-4.5,7.4,20.0
2025-12-03,0.9,-6.7,0.0,22.6
2025-12-04,-0.4,-8.1,3.4,31.9
2025-12-05,-3.6,-12.2,0.0,16.0
2025-12-06,0.8,-4.8,0.7,22.2
2025-12-07,-0.1,-3.7,1.6,22.3
2025-12-08,-3.7,-8.6,0.1,29.1
2025-12-09,0.6,-12.6,1.4,25.8
2025-12-10,2.8,-0.9,9.7,29.6
2025-12-11,-2.0,-7.4,4.4,31.3
2025-12-12,-2.0,-8.1,0.2,24.6
2025-12-13,-0.6,-5.9,0.9,21.7
2025-12-14,-6.8,-10.9,0.2,27.1
2025-12-15,-3.7,-10.4,1.0,25.7
2025-12-16,-2.5,-7.4,0.0,21.6
2025-12-17,5.3,-1.5,0.0,30.2
2025-12-18,11.1,-0.4,0.0,31.4
2025-12-19,11.3,-4.1,9.0,43.4
2025-12-20,6.8,-3.8,0.8,33.5
2025-12-21,5.5,-4.2,0.5,34.6
2025-12-22,3.7,-5.0,0.1,22.0
2025-12-23,4.4,0.2,6.7,27.5
2025-12-24,4.1,-2.2,0.0,30.7
2025-12-25,2.8,-5.2,0.0,23.6
2025-12-26,-2.2,-8.2,13.4,25.7
2025-12-27,-1.6,-5.4,0.5,22.4
2025-12-28,5.0,-5.9,27.3,17.6
2025-12-29,9.4,-6.1,8.2,46.8
2025-12-30,-4.6,-7.6,2.9,36.8
2025-12-31,-3.5,-6.4,6.4,30.6
2026-01-01,-5.2,-10.4,1.6,30.7
